2025-08-10 10:08:24,732 - INFO - 📤 Préparation de l'envoi du rapport...
2025-08-10 10:08:24,732 - INFO - 🧾 Longueur du message : 1851
2025-08-10 10:08:25,778 - INFO - ✉️ Email envoyé = True
2025-08-10 10:08:25,881 - INFO - 📨 Telegram envoyé = True
2025-08-10 10:08:25,882 - INFO - ✅ Envoi du rapport terminé.
2025-08-10 16:39:25,282 - INFO - 📤 Préparation de l'envoi du rapport...
2025-08-10 16:39:25,282 - INFO - 🧾 Longueur du message : 1851
2025-08-10 16:39:26,387 - INFO - ✉️ Email envoyé = True
2025-08-10 16:39:26,468 - INFO - 📨 Telegram envoyé = True
2025-08-10 16:39:26,468 - INFO - ✅ Envoi du rapport terminé.
2025-08-10 16:39:33,284 - INFO - 📤 Préparation de l'envoi du rapport...
2025-08-10 16:39:33,284 - INFO - 🧾 Longueur du message : 1851
2025-08-10 16:39:34,913 - INFO - ✉️ Email envoyé = True
2025-08-10 16:39:34,999 - INFO - 📨 Telegram envoyé = True
2025-08-10 16:39:35,000 - INFO - ✅ Envoi du rapport terminé.
2025-08-10 16:39:41,346 - INFO - 📤 Préparation de l'envoi du rapport...
2025-08-10 16:39:41,347 - INFO - 🧾 Longueur du message : 1851
2025-08-10 16:39:42,263 - INFO - ✉️ Email envoyé = True
2025-08-10 16:39:42,342 - INFO - 📨 Telegram envoyé = True
2025-08-10 16:39:42,342 - INFO - ✅ Envoi du rapport terminé.
2025-08-10 16:39:48,612 - INFO - 📤 Préparation de l'envoi du rapport...
2025-08-10 16:39:48,613 - INFO - 🧾 Longueur du message : 1851
2025-08-10 16:39:49,520 - INFO - ✉️ Email envoyé = True
2025-08-10 16:39:49,605 - INFO - 📨 Telegram envoyé = True
2025-08-10 16:39:49,605 - INFO - ✅ Envoi du rapport terminé.
2025-08-10 16:39:56,318 - INFO - 📤 Préparation de l'envoi du rapport...
2025-08-10 16:39:56,318 - INFO - 🧾 Longueur du message : 1851
2025-08-10 16:39:57,244 - INFO - ✉️ Email envoyé = True
2025-08-10 16:39:57,341 - INFO - 📨 Telegram envoyé = True
2025-08-10 16:39:57,341 - INFO - ✅ Envoi du rapport terminé.
2025-08-10 16:40:04,166 - INFO - 📤 Préparation de l'envoi du rapport...
2025-08-10 16:40:04,166 - INFO - 🧾 Longueur du message : 1851
2025-08-10 16:40:05,108 - INFO - ✉️ Email envoyé = True
2025-08-10 16:40:05,200 - INFO - 📨 Telegram envoyé = True
2025-08-10 16:40:05,200 - INFO - ✅ Envoi du rapport terminé.
2025-08-10 16:40:12,078 - INFO - 📤 Préparation de l'envoi du rapport...
2025-08-10 16:40:12,079 - INFO - 🧾 Longueur du message : 1851
2025-08-10 16:40:13,090 - INFO - ✉️ Email envoyé = True
2025-08-10 16:40:13,175 - INFO - 📨 Telegram envoyé = True
2025-08-10 16:40:13,175 - INFO - ✅ Envoi du rapport terminé.
2025-08-10 16:40:19,645 - INFO - 📤 Préparation de l'envoi du rapport...
2025-08-10 16:40:19,645 - INFO - 🧾 Longueur du message : 1851
2025-08-10 16:40:20,533 - INFO - ✉️ Email envoyé = True
2025-08-10 16:40:20,610 - INFO - 📨 Telegram envoyé = True
2025-08-10 16:40:20,610 - INFO - ✅ Envoi du rapport terminé.
2025-08-10 16:40:26,869 - INFO - 📤 Préparation de l'envoi du rapport...
2025-08-10 16:40:26,869 - INFO - 🧾 Longueur du message : 1851
2025-08-10 16:40:27,771 - INFO - ✉️ Email envoyé = True
2025-08-10 16:40:27,848 - INFO - 📨 Telegram envoyé = True
2025-08-10 16:40:27,848 - INFO - ✅ Envoi du rapport terminé.
2025-08-10 16:40:34,173 - INFO - 📤 Préparation de l'envoi du rapport...
2025-08-10 16:40:34,173 - INFO - 🧾 Longueur du message : 1851
2025-08-10 16:40:35,097 - INFO - ✉️ Email envoyé = True
2025-08-10 16:40:35,173 - INFO - 📨 Telegram envoyé = True
2025-08-10 16:40:35,173 - INFO - ✅ Envoi du rapport terminé.
2025-08-10 16:40:42,199 - INFO - 📤 Préparation de l'envoi du rapport...
2025-08-10 16:40:42,200 - INFO - 🧾 Longueur du message : 1851
2025-08-10 16:40:43,280 - INFO - ✉️ Email envoyé = True
2025-08-10 16:40:43,354 - INFO - 📨 Telegram envoyé = True
2025-08-10 16:40:43,354 - INFO - ✅ Envoi du rapport terminé.
2025-08-10 16:40:49,554 - INFO - 📤 Préparation de l'envoi du rapport...
2025-08-10 16:40:49,555 - INFO - 🧾 Longueur du message : 1851
2025-08-10 16:40:50,458 - INFO - ✉️ Email envoyé = True
2025-08-10 16:40:50,554 - INFO - 📨 Telegram envoyé = True
2025-08-10 16:40:50,554 - INFO - ✅ Envoi du rapport terminé.
2025-08-10 16:40:56,749 - INFO - 📤 Préparation de l'envoi du rapport...
2025-08-10 16:40:56,749 - INFO - 🧾 Longueur du message : 1851
2025-08-10 16:40:57,693 - INFO - ✉️ Email envoyé = True
2025-08-10 16:40:57,778 - INFO - 📨 Telegram envoyé = True
2025-08-10 16:40:57,778 - INFO - ✅ Envoi du rapport terminé.
2025-08-10 16:41:04,549 - INFO - 📤 Préparation de l'envoi du rapport...
2025-08-10 16:41:04,549 - INFO - 🧾 Longueur du message : 1851
2025-08-10 16:41:05,548 - INFO - ✉️ Email envoyé = True
2025-08-10 16:41:05,650 - INFO - 📨 Telegram envoyé = True
2025-08-10 16:41:05,651 - INFO - ✅ Envoi du rapport terminé.
2025-08-10 16:41:12,080 - INFO - 📤 Préparation de l'envoi du rapport...
2025-08-10 16:41:12,080 - INFO - 🧾 Longueur du message : 1851
2025-08-10 16:41:13,017 - INFO - ✉️ Email envoyé = True
2025-08-10 16:41:13,157 - INFO - 📨 Telegram envoyé = True
2025-08-10 16:41:13,157 - INFO - ✅ Envoi du rapport terminé.
2025-08-10 16:41:19,535 - INFO - 📤 Préparation de l'envoi du rapport...
2025-08-10 16:41:19,536 - INFO - 🧾 Longueur du message : 1851
2025-08-10 16:41:20,459 - INFO - ✉️ Email envoyé = True
2025-08-10 16:41:20,538 - INFO - 📨 Telegram envoyé = True
2025-08-10 16:41:20,538 - INFO - ✅ Envoi du rapport terminé.
2025-08-10 16:41:26,996 - INFO - 📤 Préparation de l'envoi du rapport...
2025-08-10 16:41:26,997 - INFO - 🧾 Longueur du message : 1851
2025-08-10 16:41:27,928 - INFO - ✉️ Email envoyé = True
2025-08-10 16:41:28,072 - INFO - 📨 Telegram envoyé = True
2025-08-10 16:41:28,072 - INFO - ✅ Envoi du rapport terminé.
2025-08-10 16:41:34,569 - INFO - 📤 Préparation de l'envoi du rapport...
2025-08-10 16:41:34,569 - INFO - 🧾 Longueur du message : 1851
2025-08-10 16:41:35,477 - INFO - ✉️ Email envoyé = True
2025-08-10 16:41:35,632 - INFO - 📨 Telegram envoyé = True
2025-08-10 16:41:35,632 - INFO - ✅ Envoi du rapport terminé.
2025-08-10 16:41:42,214 - INFO - 📤 Préparation de l'envoi du rapport...
2025-08-10 16:41:42,214 - INFO - 🧾 Longueur du message : 1851
2025-08-10 16:41:43,148 - INFO - ✉️ Email envoyé = True
2025-08-10 16:41:43,286 - INFO - 📨 Telegram envoyé = True
2025-08-10 16:41:43,287 - INFO - ✅ Envoi du rapport terminé.
2025-08-10 16:41:49,611 - INFO - 📤 Préparation de l'envoi du rapport...
2025-08-10 16:41:49,611 - INFO - 🧾 Longueur du message : 1851
2025-08-10 16:41:50,539 - INFO - ✉️ Email envoyé = True
2025-08-10 16:41:50,617 - INFO - 📨 Telegram envoyé = True
2025-08-10 16:41:50,617 - INFO - ✅ Envoi du rapport terminé.
2025-08-10 16:41:57,264 - INFO - 📤 Préparation de l'envoi du rapport...
2025-08-10 16:41:57,264 - INFO - 🧾 Longueur du message : 1851
2025-08-10 16:41:58,149 - INFO - ✉️ Email envoyé = True
2025-08-10 16:41:58,217 - INFO - 📨 Telegram envoyé = True
2025-08-10 16:41:58,217 - INFO - ✅ Envoi du rapport terminé.
2025-08-10 16:42:04,837 - INFO - 📤 Préparation de l'envoi du rapport...
2025-08-10 16:42:04,837 - INFO - 🧾 Longueur du message : 1851
2025-08-10 16:42:05,744 - INFO - ✉️ Email envoyé = True
2025-08-10 16:42:05,819 - INFO - 📨 Telegram envoyé = True
2025-08-10 16:42:05,819 - INFO - ✅ Envoi du rapport terminé.
2025-08-10 16:42:12,434 - INFO - 📤 Préparation de l'envoi du rapport...
2025-08-10 16:42:12,435 - INFO - 🧾 Longueur du message : 1851
2025-08-10 16:42:13,318 - INFO - ✉️ Email envoyé = True
2025-08-10 16:42:13,420 - INFO - 📨 Telegram envoyé = True
2025-08-10 16:42:13,421 - INFO - ✅ Envoi du rapport terminé.
2025-08-10 16:42:19,902 - INFO - 📤 Préparation de l'envoi du rapport...
2025-08-10 16:42:19,903 - INFO - 🧾 Longueur du message : 1851
2025-08-10 16:42:20,772 - INFO - ✉️ Email envoyé = True
2025-08-10 16:42:20,874 - INFO - 📨 Telegram envoyé = True
2025-08-10 16:42:20,875 - INFO - ✅ Envoi du rapport terminé.
2025-08-10 16:42:27,269 - INFO - 📤 Préparation de l'envoi du rapport...
2025-08-10 16:42:27,269 - INFO - 🧾 Longueur du message : 1851
2025-08-10 16:42:28,137 - INFO - ✉️ Email envoyé = True
2025-08-10 16:42:28,279 - INFO - 📨 Telegram envoyé = True
2025-08-10 16:42:28,279 - INFO - ✅ Envoi du rapport terminé.
2025-08-10 16:42:35,110 - INFO - 📤 Préparation de l'envoi du rapport...
2025-08-10 16:42:35,110 - INFO - 🧾 Longueur du message : 1851
2025-08-10 16:42:36,041 - INFO - ✉️ Email envoyé = True
2025-08-10 16:42:36,154 - INFO - 📨 Telegram envoyé = True
2025-08-10 16:42:36,155 - INFO - ✅ Envoi du rapport terminé.
2025-08-10 16:42:42,703 - INFO - 📤 Préparation de l'envoi du rapport...
2025-08-10 16:42:42,703 - INFO - 🧾 Longueur du message : 1851
2025-08-10 16:42:43,612 - INFO - ✉️ Email envoyé = True
2025-08-10 16:42:43,691 - INFO - 📨 Telegram envoyé = True
2025-08-10 16:42:43,691 - INFO - ✅ Envoi du rapport terminé.
2025-08-10 16:42:50,139 - INFO - 📤 Préparation de l'envoi du rapport...
2025-08-10 16:42:50,140 - INFO - 🧾 Longueur du message : 1851
2025-08-10 16:42:51,178 - INFO - ✉️ Email envoyé = True
2025-08-10 16:42:51,250 - INFO - 📨 Telegram envoyé = True
2025-08-10 16:42:51,251 - INFO - ✅ Envoi du rapport terminé.
2025-08-10 16:42:57,939 - INFO - 📤 Préparation de l'envoi du rapport...
2025-08-10 16:42:57,939 - INFO - 🧾 Longueur du message : 1851
2025-08-10 16:42:58,825 - INFO - ✉️ Email envoyé = True
2025-08-10 16:42:58,921 - INFO - 📨 Telegram envoyé = True
2025-08-10 16:42:58,921 - INFO - ✅ Envoi du rapport terminé.
2025-08-10 16:43:05,510 - INFO - 📤 Préparation de l'envoi du rapport...
2025-08-10 16:43:05,510 - INFO - 🧾 Longueur du message : 1851
2025-08-10 16:43:06,388 - INFO - ✉️ Email envoyé = True
2025-08-10 16:43:06,476 - INFO - 📨 Telegram envoyé = True
2025-08-10 16:43:06,477 - INFO - ✅ Envoi du rapport terminé.
2025-08-10 16:43:12,779 - INFO - 📤 Préparation de l'envoi du rapport...
2025-08-10 16:43:12,779 - INFO - 🧾 Longueur du message : 1851
2025-08-10 16:43:13,862 - INFO - ✉️ Email envoyé = True
2025-08-10 16:43:13,934 - INFO - 📨 Telegram envoyé = True
2025-08-10 16:43:13,934 - INFO - ✅ Envoi du rapport terminé.
2025-08-10 16:43:20,420 - INFO - 📤 Préparation de l'envoi du rapport...
2025-08-10 16:43:20,420 - INFO - 🧾 Longueur du message : 1851
2025-08-10 16:43:21,305 - INFO - ✉️ Email envoyé = True
2025-08-10 16:43:21,389 - INFO - 📨 Telegram envoyé = True
2025-08-10 16:43:21,389 - INFO - ✅ Envoi du rapport terminé.
2025-08-10 16:43:27,886 - INFO - 📤 Préparation de l'envoi du rapport...
2025-08-10 16:43:27,887 - INFO - 🧾 Longueur du message : 1851
2025-08-10 16:43:28,805 - INFO - ✉️ Email envoyé = True
2025-08-10 16:43:28,905 - INFO - 📨 Telegram envoyé = True
2025-08-10 16:43:28,905 - INFO - ✅ Envoi du rapport terminé.
2025-08-10 16:43:35,543 - INFO - 📤 Préparation de l'envoi du rapport...
2025-08-10 16:43:35,543 - INFO - 🧾 Longueur du message : 1851
2025-08-10 16:43:36,437 - INFO - ✉️ Email envoyé = True
2025-08-10 16:43:36,520 - INFO - 📨 Telegram envoyé = True
2025-08-10 16:43:36,520 - INFO - ✅ Envoi du rapport terminé.
2025-08-10 16:43:42,805 - INFO - 📤 Préparation de l'envoi du rapport...
2025-08-10 16:43:42,805 - INFO - 🧾 Longueur du message : 1851
2025-08-10 16:43:43,697 - INFO - ✉️ Email envoyé = True
2025-08-10 16:43:43,775 - INFO - 📨 Telegram envoyé = True
2025-08-10 16:43:43,776 - INFO - ✅ Envoi du rapport terminé.
2025-08-10 16:43:50,099 - INFO - 📤 Préparation de l'envoi du rapport...
2025-08-10 16:43:50,099 - INFO - 🧾 Longueur du message : 1851
2025-08-10 16:43:51,027 - INFO - ✉️ Email envoyé = True
2025-08-10 16:43:51,113 - INFO - 📨 Telegram envoyé = True
2025-08-10 16:43:51,113 - INFO - ✅ Envoi du rapport terminé.
2025-08-10 16:43:57,844 - INFO - 📤 Préparation de l'envoi du rapport...
2025-08-10 16:43:57,845 - INFO - 🧾 Longueur du message : 1851
2025-08-10 16:43:58,753 - INFO - ✉️ Email envoyé = True
2025-08-10 16:43:58,823 - INFO - 📨 Telegram envoyé = True
2025-08-10 16:43:58,823 - INFO - ✅ Envoi du rapport terminé.
2025-08-10 16:44:06,096 - INFO - 📤 Préparation de l'envoi du rapport...
2025-08-10 16:44:06,096 - INFO - 🧾 Longueur du message : 1851
2025-08-10 16:44:07,009 - INFO - ✉️ Email envoyé = True
2025-08-10 16:44:07,099 - INFO - 📨 Telegram envoyé = True
2025-08-10 16:44:07,099 - INFO - ✅ Envoi du rapport terminé.
2025-08-10 16:44:13,992 - INFO - 📤 Préparation de l'envoi du rapport...
2025-08-10 16:44:13,993 - INFO - 🧾 Longueur du message : 1851
2025-08-10 16:44:14,909 - INFO - ✉️ Email envoyé = True
2025-08-10 16:44:14,986 - INFO - 📨 Telegram envoyé = True
2025-08-10 16:44:14,986 - INFO - ✅ Envoi du rapport terminé.
2025-08-10 16:44:21,368 - INFO - 📤 Préparation de l'envoi du rapport...
2025-08-10 16:44:21,368 - INFO - 🧾 Longueur du message : 1851
2025-08-10 16:44:22,240 - INFO - ✉️ Email envoyé = True
2025-08-10 16:44:22,319 - INFO - 📨 Telegram envoyé = True
2025-08-10 16:44:22,319 - INFO - ✅ Envoi du rapport terminé.
2025-08-10 16:44:28,796 - INFO - 📤 Préparation de l'envoi du rapport...
2025-08-10 16:44:28,797 - INFO - 🧾 Longueur du message : 1851
2025-08-10 16:44:29,691 - INFO - ✉️ Email envoyé = True
2025-08-10 16:44:29,769 - INFO - 📨 Telegram envoyé = True
2025-08-10 16:44:29,769 - INFO - ✅ Envoi du rapport terminé.
2025-08-10 16:44:36,425 - INFO - 📤 Préparation de l'envoi du rapport...
2025-08-10 16:44:36,425 - INFO - 🧾 Longueur du message : 1851
2025-08-10 16:44:37,321 - INFO - ✉️ Email envoyé = True
2025-08-10 16:44:37,412 - INFO - 📨 Telegram envoyé = True
2025-08-10 16:44:37,412 - INFO - ✅ Envoi du rapport terminé.
2025-08-10 16:44:43,848 - INFO - 📤 Préparation de l'envoi du rapport...
2025-08-10 16:44:43,848 - INFO - 🧾 Longueur du message : 1851
2025-08-10 16:44:44,977 - INFO - ✉️ Email envoyé = True
2025-08-10 16:44:45,094 - INFO - 📨 Telegram envoyé = True
2025-08-10 16:44:45,095 - INFO - ✅ Envoi du rapport terminé.
2025-08-10 16:44:51,633 - INFO - 📤 Préparation de l'envoi du rapport...
2025-08-10 16:44:51,634 - INFO - 🧾 Longueur du message : 1851
2025-08-10 16:44:52,549 - INFO - ✉️ Email envoyé = True
2025-08-10 16:44:52,635 - INFO - 📨 Telegram envoyé = True
2025-08-10 16:44:52,636 - INFO - ✅ Envoi du rapport terminé.
2025-08-10 16:44:59,050 - INFO - 📤 Préparation de l'envoi du rapport...
2025-08-10 16:44:59,050 - INFO - 🧾 Longueur du message : 1851
2025-08-10 16:44:59,946 - INFO - ✉️ Email envoyé = True
2025-08-10 16:45:00,017 - INFO - 📨 Telegram envoyé = True
2025-08-10 16:45:00,018 - INFO - ✅ Envoi du rapport terminé.
2025-08-10 16:45:07,109 - INFO - 📤 Préparation de l'envoi du rapport...
2025-08-10 16:45:07,109 - INFO - 🧾 Longueur du message : 1851
2025-08-10 16:45:08,045 - INFO - ✉️ Email envoyé = True
2025-08-10 16:45:08,181 - INFO - 📨 Telegram envoyé = True
2025-08-10 16:45:08,181 - INFO - ✅ Envoi du rapport terminé.
2025-08-10 16:45:14,631 - INFO - 📤 Préparation de l'envoi du rapport...
2025-08-10 16:45:14,631 - INFO - 🧾 Longueur du message : 1851
2025-08-10 16:45:15,712 - INFO - ✉️ Email envoyé = True
2025-08-10 16:45:15,784 - INFO - 📨 Telegram envoyé = True
2025-08-10 16:45:15,785 - INFO - ✅ Envoi du rapport terminé.
2025-08-10 16:45:21,978 - INFO - 📤 Préparation de l'envoi du rapport...
2025-08-10 16:45:21,978 - INFO - 🧾 Longueur du message : 1851
2025-08-10 16:45:22,968 - INFO - ✉️ Email envoyé = True
2025-08-10 16:45:23,183 - INFO - 📨 Telegram envoyé = True
2025-08-10 16:45:23,183 - INFO - ✅ Envoi du rapport terminé.
2025-08-10 16:45:29,607 - INFO - 📤 Préparation de l'envoi du rapport...
2025-08-10 16:45:29,608 - INFO - 🧾 Longueur du message : 1851
2025-08-10 16:45:30,522 - INFO - ✉️ Email envoyé = True
2025-08-10 16:45:30,593 - INFO - 📨 Telegram envoyé = True
2025-08-10 16:45:30,594 - INFO - ✅ Envoi du rapport terminé.
2025-08-10 16:45:37,019 - INFO - 📤 Préparation de l'envoi du rapport...
2025-08-10 16:45:37,019 - INFO - 🧾 Longueur du message : 1851
2025-08-10 16:45:37,911 - INFO - ✉️ Email envoyé = True
2025-08-10 16:45:38,023 - INFO - 📨 Telegram envoyé = True
2025-08-10 16:45:38,024 - INFO - ✅ Envoi du rapport terminé.
2025-08-10 16:45:44,970 - INFO - 📤 Préparation de l'envoi du rapport...
2025-08-10 16:45:44,970 - INFO - 🧾 Longueur du message : 1851
2025-08-10 16:45:46,054 - INFO - ✉️ Email envoyé = True
2025-08-10 16:45:46,187 - INFO - 📨 Telegram envoyé = True
2025-08-10 16:45:46,187 - INFO - ✅ Envoi du rapport terminé.
2025-08-10 16:45:52,693 - INFO - 📤 Préparation de l'envoi du rapport...
2025-08-10 16:45:52,693 - INFO - 🧾 Longueur du message : 1851
2025-08-10 16:45:53,746 - INFO - ✉️ Email envoyé = True
2025-08-10 16:45:53,822 - INFO - 📨 Telegram envoyé = True
2025-08-10 16:45:53,822 - INFO - ✅ Envoi du rapport terminé.
2025-08-10 16:46:00,162 - INFO - 📤 Préparation de l'envoi du rapport...
2025-08-10 16:46:00,163 - INFO - 🧾 Longueur du message : 1851
2025-08-10 16:46:01,062 - INFO - ✉️ Email envoyé = True
2025-08-10 16:46:01,152 - INFO - 📨 Telegram envoyé = True
2025-08-10 16:46:01,152 - INFO - ✅ Envoi du rapport terminé.
2025-08-10 16:46:07,847 - INFO - 📤 Préparation de l'envoi du rapport...
2025-08-10 16:46:07,847 - INFO - 🧾 Longueur du message : 1851
2025-08-10 16:46:08,805 - INFO - ✉️ Email envoyé = True
2025-08-10 16:46:08,885 - INFO - 📨 Telegram envoyé = True
2025-08-10 16:46:08,885 - INFO - ✅ Envoi du rapport terminé.
2025-08-10 16:46:15,346 - INFO - 📤 Préparation de l'envoi du rapport...
2025-08-10 16:46:15,346 - INFO - 🧾 Longueur du message : 1851
2025-08-10 16:46:16,210 - INFO - ✉️ Email envoyé = True
2025-08-10 16:46:16,293 - INFO - 📨 Telegram envoyé = True
2025-08-10 16:46:16,293 - INFO - ✅ Envoi du rapport terminé.
2025-08-10 16:46:22,589 - INFO - 📤 Préparation de l'envoi du rapport...
2025-08-10 16:46:22,589 - INFO - 🧾 Longueur du message : 1851
2025-08-10 16:46:23,459 - INFO - ✉️ Email envoyé = True
2025-08-10 16:46:23,596 - INFO - 📨 Telegram envoyé = True
2025-08-10 16:46:23,596 - INFO - ✅ Envoi du rapport terminé.
2025-08-10 16:46:29,848 - INFO - 📤 Préparation de l'envoi du rapport...
2025-08-10 16:46:29,848 - INFO - 🧾 Longueur du message : 1851
2025-08-10 16:46:30,774 - INFO - ✉️ Email envoyé = True
2025-08-10 16:46:30,853 - INFO - 📨 Telegram envoyé = True
2025-08-10 16:46:30,853 - INFO - ✅ Envoi du rapport terminé.
2025-08-10 16:46:37,621 - INFO - 📤 Préparation de l'envoi du rapport...
2025-08-10 16:46:37,621 - INFO - 🧾 Longueur du message : 1851
2025-08-10 16:46:38,472 - INFO - ✉️ Email envoyé = True
2025-08-10 16:46:38,558 - INFO - 📨 Telegram envoyé = True
2025-08-10 16:46:38,558 - INFO - ✅ Envoi du rapport terminé.
2025-08-10 16:46:45,090 - INFO - 📤 Préparation de l'envoi du rapport...
2025-08-10 16:46:45,091 - INFO - 🧾 Longueur du message : 1851
2025-08-10 16:46:45,947 - INFO - ✉️ Email envoyé = True
2025-08-10 16:46:46,042 - INFO - 📨 Telegram envoyé = True
2025-08-10 16:46:46,043 - INFO - ✅ Envoi du rapport terminé.
2025-08-10 16:46:52,342 - INFO - 📤 Préparation de l'envoi du rapport...
2025-08-10 16:46:52,342 - INFO - 🧾 Longueur du message : 1851
2025-08-10 16:46:53,257 - INFO - ✉️ Email envoyé = True
2025-08-10 16:46:53,367 - INFO - 📨 Telegram envoyé = True
2025-08-10 16:46:53,367 - INFO - ✅ Envoi du rapport terminé.
2025-08-10 16:46:59,768 - INFO - 📤 Préparation de l'envoi du rapport...
2025-08-10 16:46:59,769 - INFO - 🧾 Longueur du message : 1851
2025-08-10 16:47:00,615 - INFO - ✉️ Email envoyé = True
2025-08-10 16:47:00,691 - INFO - 📨 Telegram envoyé = True
2025-08-10 16:47:00,692 - INFO - ✅ Envoi du rapport terminé.
2025-08-10 16:47:07,000 - INFO - 📤 Préparation de l'envoi du rapport...
2025-08-10 16:47:07,001 - INFO - 🧾 Longueur du message : 1851
2025-08-10 16:47:08,069 - INFO - ✉️ Email envoyé = True
2025-08-10 16:47:08,143 - INFO - 📨 Telegram envoyé = True
2025-08-10 16:47:08,143 - INFO - ✅ Envoi du rapport terminé.
2025-08-10 16:47:14,590 - INFO - 📤 Préparation de l'envoi du rapport...
2025-08-10 16:47:14,591 - INFO - 🧾 Longueur du message : 1851
2025-08-10 16:47:15,562 - INFO - ✉️ Email envoyé = True
2025-08-10 16:47:15,660 - INFO - 📨 Telegram envoyé = True
2025-08-10 16:47:15,660 - INFO - ✅ Envoi du rapport terminé.
2025-08-10 16:47:22,114 - INFO - 📤 Préparation de l'envoi du rapport...
2025-08-10 16:47:22,114 - INFO - 🧾 Longueur du message : 1851
2025-08-10 16:47:23,005 - INFO - ✉️ Email envoyé = True
2025-08-10 16:47:23,103 - INFO - 📨 Telegram envoyé = True
2025-08-10 16:47:23,103 - INFO - ✅ Envoi du rapport terminé.
2025-08-10 16:47:29,745 - INFO - 📤 Préparation de l'envoi du rapport...
2025-08-10 16:47:29,745 - INFO - 🧾 Longueur du message : 1851
2025-08-10 16:47:30,619 - INFO - ✉️ Email envoyé = True
2025-08-10 16:47:30,698 - INFO - 📨 Telegram envoyé = True
2025-08-10 16:47:30,698 - INFO - ✅ Envoi du rapport terminé.
2025-08-10 16:47:37,063 - INFO - 📤 Préparation de l'envoi du rapport...
2025-08-10 16:47:37,063 - INFO - 🧾 Longueur du message : 1851
2025-08-10 16:47:37,958 - INFO - ✉️ Email envoyé = True
2025-08-10 16:47:38,121 - INFO - 📨 Telegram envoyé = True
2025-08-10 16:47:38,121 - INFO - ✅ Envoi du rapport terminé.
2025-08-10 16:47:44,690 - INFO - 📤 Préparation de l'envoi du rapport...
2025-08-10 16:47:44,691 - INFO - 🧾 Longueur du message : 1851
2025-08-10 16:47:45,562 - INFO - ✉️ Email envoyé = True
2025-08-10 16:47:45,727 - INFO - 📨 Telegram envoyé = True
2025-08-10 16:47:45,728 - INFO - ✅ Envoi du rapport terminé.
2025-08-10 16:47:52,048 - INFO - 📤 Préparation de l'envoi du rapport...
2025-08-10 16:47:52,049 - INFO - 🧾 Longueur du message : 1851
2025-08-10 16:47:52,911 - INFO - ✉️ Email envoyé = True
2025-08-10 16:47:52,995 - INFO - 📨 Telegram envoyé = True
2025-08-10 16:47:52,995 - INFO - ✅ Envoi du rapport terminé.
2025-08-10 16:47:59,587 - INFO - 📤 Préparation de l'envoi du rapport...
2025-08-10 16:47:59,588 - INFO - 🧾 Longueur du message : 1851
2025-08-10 16:48:00,495 - INFO - ✉️ Email envoyé = True
2025-08-10 16:48:00,580 - INFO - 📨 Telegram envoyé = True
2025-08-10 16:48:00,580 - INFO - ✅ Envoi du rapport terminé.
2025-08-10 16:48:07,328 - INFO - 📤 Préparation de l'envoi du rapport...
2025-08-10 16:48:07,328 - INFO - 🧾 Longueur du message : 1851
2025-08-10 16:48:08,252 - INFO - ✉️ Email envoyé = True
2025-08-10 16:48:08,337 - INFO - 📨 Telegram envoyé = True
2025-08-10 16:48:08,337 - INFO - ✅ Envoi du rapport terminé.
2025-08-10 16:48:15,449 - INFO - 📤 Préparation de l'envoi du rapport...
2025-08-10 16:48:15,449 - INFO - 🧾 Longueur du message : 1851
2025-08-10 16:48:16,355 - INFO - ✉️ Email envoyé = True
2025-08-10 16:48:16,433 - INFO - 📨 Telegram envoyé = True
2025-08-10 16:48:16,434 - INFO - ✅ Envoi du rapport terminé.
2025-08-10 16:48:22,831 - INFO - 📤 Préparation de l'envoi du rapport...
2025-08-10 16:48:22,831 - INFO - 🧾 Longueur du message : 1851
2025-08-10 16:48:23,701 - INFO - ✉️ Email envoyé = True
2025-08-10 16:48:23,774 - INFO - 📨 Telegram envoyé = True
2025-08-10 16:48:23,774 - INFO - ✅ Envoi du rapport terminé.
2025-08-10 16:48:30,393 - INFO - 📤 Préparation de l'envoi du rapport...
2025-08-10 16:48:30,394 - INFO - 🧾 Longueur du message : 1851
2025-08-10 16:48:31,264 - INFO - ✉️ Email envoyé = True
2025-08-10 16:48:31,360 - INFO - 📨 Telegram envoyé = True
2025-08-10 16:48:31,360 - INFO - ✅ Envoi du rapport terminé.
2025-08-10 16:48:37,555 - INFO - 📤 Préparation de l'envoi du rapport...
2025-08-10 16:48:37,556 - INFO - 🧾 Longueur du message : 1851
2025-08-10 16:48:38,420 - INFO - ✉️ Email envoyé = True
2025-08-10 16:48:38,498 - INFO - 📨 Telegram envoyé = True
2025-08-10 16:48:38,499 - INFO - ✅ Envoi du rapport terminé.
2025-08-10 16:48:44,876 - INFO - 📤 Préparation de l'envoi du rapport...
2025-08-10 16:48:44,876 - INFO - 🧾 Longueur du message : 1851
2025-08-10 16:48:45,768 - INFO - ✉️ Email envoyé = True
2025-08-10 16:48:45,847 - INFO - 📨 Telegram envoyé = True
2025-08-10 16:48:45,847 - INFO - ✅ Envoi du rapport terminé.
2025-08-10 16:48:52,185 - INFO - 📤 Préparation de l'envoi du rapport...
2025-08-10 16:48:52,185 - INFO - 🧾 Longueur du message : 1851
2025-08-10 16:48:53,097 - INFO - ✉️ Email envoyé = True
2025-08-10 16:48:53,204 - INFO - 📨 Telegram envoyé = True
2025-08-10 16:48:53,204 - INFO - ✅ Envoi du rapport terminé.
2025-08-10 16:48:59,663 - INFO - 📤 Préparation de l'envoi du rapport...
2025-08-10 16:48:59,664 - INFO - 🧾 Longueur du message : 1851
2025-08-10 16:49:00,554 - INFO - ✉️ Email envoyé = True
2025-08-10 16:49:00,637 - INFO - 📨 Telegram envoyé = True
2025-08-10 16:49:00,637 - INFO - ✅ Envoi du rapport terminé.
2025-08-10 16:49:07,113 - INFO - 📤 Préparation de l'envoi du rapport...
2025-08-10 16:49:07,113 - INFO - 🧾 Longueur du message : 1851
2025-08-10 16:49:08,022 - INFO - ✉️ Email envoyé = True
2025-08-10 16:49:08,166 - INFO - 📨 Telegram envoyé = True
2025-08-10 16:49:08,166 - INFO - ✅ Envoi du rapport terminé.
2025-08-10 16:49:14,739 - INFO - 📤 Préparation de l'envoi du rapport...
2025-08-10 16:49:14,739 - INFO - 🧾 Longueur du message : 1851
2025-08-10 16:49:15,642 - INFO - ✉️ Email envoyé = True
2025-08-10 16:49:15,718 - INFO - 📨 Telegram envoyé = True
2025-08-10 16:49:15,719 - INFO - ✅ Envoi du rapport terminé.
2025-08-10 16:49:22,189 - INFO - 📤 Préparation de l'envoi du rapport...
2025-08-10 16:49:22,190 - INFO - 🧾 Longueur du message : 1851
2025-08-10 16:49:23,063 - INFO - ✉️ Email envoyé = True
2025-08-10 16:49:23,142 - INFO - 📨 Telegram envoyé = True
2025-08-10 16:49:23,142 - INFO - ✅ Envoi du rapport terminé.
2025-08-10 16:49:29,548 - INFO - 📤 Préparation de l'envoi du rapport...
2025-08-10 16:49:29,549 - INFO - 🧾 Longueur du message : 1851
2025-08-10 16:49:30,429 - INFO - ✉️ Email envoyé = True
2025-08-10 16:49:30,530 - INFO - 📨 Telegram envoyé = True
2025-08-10 16:49:30,530 - INFO - ✅ Envoi du rapport terminé.
2025-08-10 16:49:37,566 - INFO - 📤 Préparation de l'envoi du rapport...
2025-08-10 16:49:37,566 - INFO - 🧾 Longueur du message : 1851
2025-08-10 16:49:38,428 - INFO - ✉️ Email envoyé = True
2025-08-10 16:49:38,513 - INFO - 📨 Telegram envoyé = True
2025-08-10 16:49:38,513 - INFO - ✅ Envoi du rapport terminé.
2025-08-10 16:49:45,524 - INFO - 📤 Préparation de l'envoi du rapport...
2025-08-10 16:49:45,524 - INFO - 🧾 Longueur du message : 1851
2025-08-10 16:49:46,400 - INFO - ✉️ Email envoyé = True
2025-08-10 16:49:46,483 - INFO - 📨 Telegram envoyé = True
2025-08-10 16:49:46,483 - INFO - ✅ Envoi du rapport terminé.
2025-08-10 16:49:52,784 - INFO - 📤 Préparation de l'envoi du rapport...
2025-08-10 16:49:52,784 - INFO - 🧾 Longueur du message : 1851
2025-08-10 16:49:53,689 - INFO - ✉️ Email envoyé = True
2025-08-10 16:49:53,773 - INFO - 📨 Telegram envoyé = True
2025-08-10 16:49:53,773 - INFO - ✅ Envoi du rapport terminé.
2025-08-10 16:50:00,156 - INFO - 📤 Préparation de l'envoi du rapport...
2025-08-10 16:50:00,156 - INFO - 🧾 Longueur du message : 1851
2025-08-10 16:50:01,015 - INFO - ✉️ Email envoyé = True
2025-08-10 16:50:01,158 - INFO - 📨 Telegram envoyé = True
2025-08-10 16:50:01,158 - INFO - ✅ Envoi du rapport terminé.
2025-08-10 16:50:08,125 - INFO - 📤 Préparation de l'envoi du rapport...
2025-08-10 16:50:08,125 - INFO - 🧾 Longueur du message : 1851
2025-08-10 16:50:08,978 - INFO - ✉️ Email envoyé = True
2025-08-10 16:50:09,079 - INFO - 📨 Telegram envoyé = True
2025-08-10 16:50:09,079 - INFO - ✅ Envoi du rapport terminé.
2025-08-10 16:50:16,273 - INFO - 📤 Préparation de l'envoi du rapport...
2025-08-10 16:50:16,274 - INFO - 🧾 Longueur du message : 1851
2025-08-10 16:50:17,213 - INFO - ✉️ Email envoyé = True
2025-08-10 16:50:17,313 - INFO - 📨 Telegram envoyé = True
2025-08-10 16:50:17,313 - INFO - ✅ Envoi du rapport terminé.
2025-08-10 16:50:23,913 - INFO - 📤 Préparation de l'envoi du rapport...
2025-08-10 16:50:23,913 - INFO - 🧾 Longueur du message : 1851
2025-08-10 16:50:24,762 - INFO - ✉️ Email envoyé = True
2025-08-10 16:50:24,848 - INFO - 📨 Telegram envoyé = True
2025-08-10 16:50:24,848 - INFO - ✅ Envoi du rapport terminé.
2025-08-10 16:50:31,241 - INFO - 📤 Préparation de l'envoi du rapport...
2025-08-10 16:50:31,241 - INFO - 🧾 Longueur du message : 1851
2025-08-10 16:50:32,121 - INFO - ✉️ Email envoyé = True
2025-08-10 16:50:32,263 - INFO - 📨 Telegram envoyé = True
2025-08-10 16:50:32,264 - INFO - ✅ Envoi du rapport terminé.
2025-08-10 16:50:38,649 - INFO - 📤 Préparation de l'envoi du rapport...
2025-08-10 16:50:38,649 - INFO - 🧾 Longueur du message : 1851
2025-08-10 16:50:39,504 - INFO - ✉️ Email envoyé = True
2025-08-10 16:50:39,581 - INFO - 📨 Telegram envoyé = True
2025-08-10 16:50:39,581 - INFO - ✅ Envoi du rapport terminé.
2025-08-10 16:50:45,843 - INFO - 📤 Préparation de l'envoi du rapport...
2025-08-10 16:50:45,843 - INFO - 🧾 Longueur du message : 1851
2025-08-10 16:50:46,712 - INFO - ✉️ Email envoyé = True
2025-08-10 16:50:46,790 - INFO - 📨 Telegram envoyé = True
2025-08-10 16:50:46,790 - INFO - ✅ Envoi du rapport terminé.
2025-08-10 16:50:53,464 - INFO - 📤 Préparation de l'envoi du rapport...
2025-08-10 16:50:53,464 - INFO - 🧾 Longueur du message : 1851
2025-08-10 16:50:54,461 - INFO - ✉️ Email envoyé = True
2025-08-10 16:50:54,632 - INFO - 📨 Telegram envoyé = True
2025-08-10 16:50:54,632 - INFO - ✅ Envoi du rapport terminé.
2025-08-10 16:51:01,180 - INFO - 📤 Préparation de l'envoi du rapport...
2025-08-10 16:51:01,180 - INFO - 🧾 Longueur du message : 1851
2025-08-10 16:51:02,076 - INFO - ✉️ Email envoyé = True
2025-08-10 16:51:02,199 - INFO - 📨 Telegram envoyé = True
2025-08-10 16:51:02,200 - INFO - ✅ Envoi du rapport terminé.
2025-08-10 16:51:08,847 - INFO - 📤 Préparation de l'envoi du rapport...
2025-08-10 16:51:08,847 - INFO - 🧾 Longueur du message : 1851
2025-08-10 16:51:09,700 - INFO - ✉️ Email envoyé = True
2025-08-10 16:51:09,842 - INFO - 📨 Telegram envoyé = True
2025-08-10 16:51:09,842 - INFO - ✅ Envoi du rapport terminé.
2025-08-10 16:51:16,385 - INFO - 📤 Préparation de l'envoi du rapport...
2025-08-10 16:51:16,386 - INFO - 🧾 Longueur du message : 1851
2025-08-10 16:51:17,286 - INFO - ✉️ Email envoyé = True
2025-08-10 16:51:17,379 - INFO - 📨 Telegram envoyé = True
2025-08-10 16:51:17,379 - INFO - ✅ Envoi du rapport terminé.
2025-08-10 16:51:24,283 - INFO - 📤 Préparation de l'envoi du rapport...
2025-08-10 16:51:24,284 - INFO - 🧾 Longueur du message : 1851
2025-08-10 16:51:25,133 - INFO - ✉️ Email envoyé = True
2025-08-10 16:51:25,230 - INFO - 📨 Telegram envoyé = True
2025-08-10 16:51:25,230 - INFO - ✅ Envoi du rapport terminé.
2025-08-10 16:51:31,839 - INFO - 📤 Préparation de l'envoi du rapport...
2025-08-10 16:51:31,839 - INFO - 🧾 Longueur du message : 1851
2025-08-10 16:51:32,878 - INFO - ✉️ Email envoyé = True
2025-08-10 16:51:33,059 - INFO - 📨 Telegram envoyé = True
2025-08-10 16:51:33,059 - INFO - ✅ Envoi du rapport terminé.
2025-08-10 16:51:39,403 - INFO - 📤 Préparation de l'envoi du rapport...
2025-08-10 16:51:39,403 - INFO - 🧾 Longueur du message : 1851
2025-08-10 16:51:40,286 - INFO - ✉️ Email envoyé = True
2025-08-10 16:51:40,381 - INFO - 📨 Telegram envoyé = True
2025-08-10 16:51:40,382 - INFO - ✅ Envoi du rapport terminé.
2025-08-10 16:51:46,893 - INFO - 📤 Préparation de l'envoi du rapport...
2025-08-10 16:51:46,894 - INFO - 🧾 Longueur du message : 1851
2025-08-10 16:51:47,823 - INFO - ✉️ Email envoyé = True
2025-08-10 16:51:47,911 - INFO - 📨 Telegram envoyé = True
2025-08-10 16:51:47,911 - INFO - ✅ Envoi du rapport terminé.
2025-08-10 16:51:54,340 - INFO - 📤 Préparation de l'envoi du rapport...
2025-08-10 16:51:54,340 - INFO - 🧾 Longueur du message : 1851
2025-08-10 16:51:55,219 - INFO - ✉️ Email envoyé = True
2025-08-10 16:51:55,343 - INFO - 📨 Telegram envoyé = True
2025-08-10 16:51:55,343 - INFO - ✅ Envoi du rapport terminé.
2025-08-10 16:52:01,755 - INFO - 📤 Préparation de l'envoi du rapport...
2025-08-10 16:52:01,756 - INFO - 🧾 Longueur du message : 1851
2025-08-10 16:52:02,627 - INFO - ✉️ Email envoyé = True
2025-08-10 16:52:02,738 - INFO - 📨 Telegram envoyé = True
2025-08-10 16:52:02,739 - INFO - ✅ Envoi du rapport terminé.
2025-08-10 16:52:09,282 - INFO - 📤 Préparation de l'envoi du rapport...
2025-08-10 16:52:09,283 - INFO - 🧾 Longueur du message : 1851
2025-08-10 16:52:11,009 - INFO - ✉️ Email envoyé = True
2025-08-10 16:52:11,112 - INFO - 📨 Telegram envoyé = True
2025-08-10 16:52:11,112 - INFO - ✅ Envoi du rapport terminé.
2025-08-10 16:52:18,317 - INFO - 📤 Préparation de l'envoi du rapport...
2025-08-10 16:52:18,317 - INFO - 🧾 Longueur du message : 1851
2025-08-10 16:52:19,157 - INFO - ✉️ Email envoyé = True
2025-08-10 16:52:19,248 - INFO - 📨 Telegram envoyé = True
2025-08-10 16:52:19,248 - INFO - ✅ Envoi du rapport terminé.
2025-08-10 16:52:25,843 - INFO - 📤 Préparation de l'envoi du rapport...
2025-08-10 16:52:25,844 - INFO - 🧾 Longueur du message : 1851
2025-08-10 16:52:26,697 - INFO - ✉️ Email envoyé = True
2025-08-10 16:52:26,777 - INFO - 📨 Telegram envoyé = True
2025-08-10 16:52:26,777 - INFO - ✅ Envoi du rapport terminé.
2025-08-10 16:52:33,186 - INFO - 📤 Préparation de l'envoi du rapport...
2025-08-10 16:52:33,187 - INFO - 🧾 Longueur du message : 1851
2025-08-10 16:52:34,126 - INFO - ✉️ Email envoyé = True
2025-08-10 16:52:34,199 - INFO - 📨 Telegram envoyé = True
2025-08-10 16:52:34,199 - INFO - ✅ Envoi du rapport terminé.
2025-08-10 16:52:41,423 - INFO - 📤 Préparation de l'envoi du rapport...
2025-08-10 16:52:41,423 - INFO - 🧾 Longueur du message : 1851
2025-08-10 16:52:42,287 - INFO - ✉️ Email envoyé = True
2025-08-10 16:52:42,422 - INFO - 📨 Telegram envoyé = True
2025-08-10 16:52:42,423 - INFO - ✅ Envoi du rapport terminé.
2025-08-10 16:52:48,813 - INFO - 📤 Préparation de l'envoi du rapport...
2025-08-10 16:52:48,813 - INFO - 🧾 Longueur du message : 1851
2025-08-10 16:52:49,678 - INFO - ✉️ Email envoyé = True
2025-08-10 16:52:49,748 - INFO - 📨 Telegram envoyé = True
2025-08-10 16:52:49,748 - INFO - ✅ Envoi du rapport terminé.
2025-08-10 16:52:56,280 - INFO - 📤 Préparation de l'envoi du rapport...
2025-08-10 16:52:56,281 - INFO - 🧾 Longueur du message : 1851
2025-08-10 16:52:57,198 - INFO - ✉️ Email envoyé = True
2025-08-10 16:52:57,285 - INFO - 📨 Telegram envoyé = True
2025-08-10 16:52:57,285 - INFO - ✅ Envoi du rapport terminé.
2025-08-10 16:53:03,900 - INFO - 📤 Préparation de l'envoi du rapport...
2025-08-10 16:53:03,900 - INFO - 🧾 Longueur du message : 1851
2025-08-10 16:53:04,817 - INFO - ✉️ Email envoyé = True
2025-08-10 16:53:04,910 - INFO - 📨 Telegram envoyé = True
2025-08-10 16:53:04,910 - INFO - ✅ Envoi du rapport terminé.
2025-08-10 16:53:11,340 - INFO - 📤 Préparation de l'envoi du rapport...
2025-08-10 16:53:11,340 - INFO - 🧾 Longueur du message : 1851
2025-08-10 16:53:12,189 - INFO - ✉️ Email envoyé = True
2025-08-10 16:53:12,280 - INFO - 📨 Telegram envoyé = True
2025-08-10 16:53:12,280 - INFO - ✅ Envoi du rapport terminé.
2025-08-10 16:53:18,718 - INFO - 📤 Préparation de l'envoi du rapport...
2025-08-10 16:53:18,718 - INFO - 🧾 Longueur du message : 1851
2025-08-10 16:53:19,558 - INFO - ✉️ Email envoyé = True
2025-08-10 16:53:19,632 - INFO - 📨 Telegram envoyé = True
2025-08-10 16:53:19,632 - INFO - ✅ Envoi du rapport terminé.
2025-08-10 16:53:26,104 - INFO - 📤 Préparation de l'envoi du rapport...
2025-08-10 16:53:26,104 - INFO - 🧾 Longueur du message : 1851
2025-08-10 16:53:26,990 - INFO - ✉️ Email envoyé = True
2025-08-10 16:53:27,127 - INFO - 📨 Telegram envoyé = True
2025-08-10 16:53:27,128 - INFO - ✅ Envoi du rapport terminé.
2025-08-10 16:53:33,603 - INFO - 📤 Préparation de l'envoi du rapport...
2025-08-10 16:53:33,603 - INFO - 🧾 Longueur du message : 1851
2025-08-10 16:53:34,463 - INFO - ✉️ Email envoyé = True
2025-08-10 16:53:34,580 - INFO - 📨 Telegram envoyé = True
2025-08-10 16:53:34,580 - INFO - ✅ Envoi du rapport terminé.
2025-08-10 16:53:41,217 - INFO - 📤 Préparation de l'envoi du rapport...
2025-08-10 16:53:41,217 - INFO - 🧾 Longueur du message : 1851
2025-08-10 16:53:42,101 - INFO - ✉️ Email envoyé = True
2025-08-10 16:53:42,192 - INFO - 📨 Telegram envoyé = True
2025-08-10 16:53:42,193 - INFO - ✅ Envoi du rapport terminé.
2025-08-10 16:53:48,510 - INFO - 📤 Préparation de l'envoi du rapport...
2025-08-10 16:53:48,510 - INFO - 🧾 Longueur du message : 1851
2025-08-10 16:53:49,398 - INFO - ✉️ Email envoyé = True
2025-08-10 16:53:49,490 - INFO - 📨 Telegram envoyé = True
2025-08-10 16:53:49,490 - INFO - ✅ Envoi du rapport terminé.
2025-08-10 16:53:55,899 - INFO - 📤 Préparation de l'envoi du rapport...
2025-08-10 16:53:55,899 - INFO - 🧾 Longueur du message : 1851
2025-08-10 16:53:56,775 - INFO - ✉️ Email envoyé = True
2025-08-10 16:53:56,856 - INFO - 📨 Telegram envoyé = True
2025-08-10 16:53:56,857 - INFO - ✅ Envoi du rapport terminé.
2025-08-10 16:54:03,546 - INFO - 📤 Préparation de l'envoi du rapport...
2025-08-10 16:54:03,547 - INFO - 🧾 Longueur du message : 1851
2025-08-10 16:54:04,401 - INFO - ✉️ Email envoyé = True
2025-08-10 16:54:04,499 - INFO - 📨 Telegram envoyé = True
2025-08-10 16:54:04,499 - INFO - ✅ Envoi du rapport terminé.
2025-08-10 16:54:10,866 - INFO - 📤 Préparation de l'envoi du rapport...
2025-08-10 16:54:10,867 - INFO - 🧾 Longueur du message : 1851
2025-08-10 16:54:11,695 - INFO - ✉️ Email envoyé = True
2025-08-10 16:54:11,767 - INFO - 📨 Telegram envoyé = True
2025-08-10 16:54:11,768 - INFO - ✅ Envoi du rapport terminé.
2025-08-10 16:54:18,206 - INFO - 📤 Préparation de l'envoi du rapport...
2025-08-10 16:54:18,206 - INFO - 🧾 Longueur du message : 1851
2025-08-10 16:54:19,102 - INFO - ✉️ Email envoyé = True
2025-08-10 16:54:19,179 - INFO - 📨 Telegram envoyé = True
2025-08-10 16:54:19,179 - INFO - ✅ Envoi du rapport terminé.
2025-08-10 16:54:25,686 - INFO - 📤 Préparation de l'envoi du rapport...
2025-08-10 16:54:25,687 - INFO - 🧾 Longueur du message : 1851
2025-08-10 16:54:26,552 - INFO - ✉️ Email envoyé = True
2025-08-10 16:54:26,651 - INFO - 📨 Telegram envoyé = True
2025-08-10 16:54:26,652 - INFO - ✅ Envoi du rapport terminé.
2025-08-10 16:54:33,688 - INFO - 📤 Préparation de l'envoi du rapport...
2025-08-10 16:54:33,689 - INFO - 🧾 Longueur du message : 1851
2025-08-10 16:54:34,550 - INFO - ✉️ Email envoyé = True
2025-08-10 16:54:34,615 - INFO - 📨 Telegram envoyé = True
2025-08-10 16:54:34,615 - INFO - ✅ Envoi du rapport terminé.
2025-08-10 16:54:41,640 - INFO - 📤 Préparation de l'envoi du rapport...
2025-08-10 16:54:41,640 - INFO - 🧾 Longueur du message : 1851
2025-08-10 16:54:42,521 - INFO - ✉️ Email envoyé = True
2025-08-10 16:54:42,617 - INFO - 📨 Telegram envoyé = True
2025-08-10 16:54:42,617 - INFO - ✅ Envoi du rapport terminé.
2025-08-10 16:54:49,173 - INFO - 📤 Préparation de l'envoi du rapport...
2025-08-10 16:54:49,173 - INFO - 🧾 Longueur du message : 1851
2025-08-10 16:54:50,068 - INFO - ✉️ Email envoyé = True
2025-08-10 16:54:50,154 - INFO - 📨 Telegram envoyé = True
2025-08-10 16:54:50,154 - INFO - ✅ Envoi du rapport terminé.
2025-08-10 16:54:56,550 - INFO - 📤 Préparation de l'envoi du rapport...
2025-08-10 16:54:56,550 - INFO - 🧾 Longueur du message : 1851
2025-08-10 16:54:57,415 - INFO - ✉️ Email envoyé = True
2025-08-10 16:54:57,552 - INFO - 📨 Telegram envoyé = True
2025-08-10 16:54:57,552 - INFO - ✅ Envoi du rapport terminé.
2025-08-10 16:55:03,821 - INFO - 📤 Préparation de l'envoi du rapport...
2025-08-10 16:55:03,822 - INFO - 🧾 Longueur du message : 1851
2025-08-10 16:55:04,706 - INFO - ✉️ Email envoyé = True
2025-08-10 16:55:04,818 - INFO - 📨 Telegram envoyé = True
2025-08-10 16:55:04,818 - INFO - ✅ Envoi du rapport terminé.
2025-08-10 16:55:11,331 - INFO - 📤 Préparation de l'envoi du rapport...
2025-08-10 16:55:11,331 - INFO - 🧾 Longueur du message : 1851
2025-08-10 16:55:12,186 - INFO - ✉️ Email envoyé = True
2025-08-10 16:55:12,273 - INFO - 📨 Telegram envoyé = True
2025-08-10 16:55:12,273 - INFO - ✅ Envoi du rapport terminé.
2025-08-10 16:55:18,670 - INFO - 📤 Préparation de l'envoi du rapport...
2025-08-10 16:55:18,670 - INFO - 🧾 Longueur du message : 1851
2025-08-10 16:55:19,524 - INFO - ✉️ Email envoyé = True
2025-08-10 16:55:19,602 - INFO - 📨 Telegram envoyé = True
2025-08-10 16:55:19,602 - INFO - ✅ Envoi du rapport terminé.
2025-08-10 16:55:25,976 - INFO - 📤 Préparation de l'envoi du rapport...
2025-08-10 16:55:25,976 - INFO - 🧾 Longueur du message : 1851
2025-08-10 16:55:26,957 - INFO - ✉️ Email envoyé = True
2025-08-10 16:55:27,041 - INFO - 📨 Telegram envoyé = True
2025-08-10 16:55:27,042 - INFO - ✅ Envoi du rapport terminé.
2025-08-10 16:55:33,746 - INFO - 📤 Préparation de l'envoi du rapport...
2025-08-10 16:55:33,746 - INFO - 🧾 Longueur du message : 1851
2025-08-10 16:55:34,594 - INFO - ✉️ Email envoyé = True
2025-08-10 16:55:34,700 - INFO - 📨 Telegram envoyé = True
2025-08-10 16:55:34,700 - INFO - ✅ Envoi du rapport terminé.
2025-08-10 16:55:40,991 - INFO - 📤 Préparation de l'envoi du rapport...
2025-08-10 16:55:40,991 - INFO - 🧾 Longueur du message : 1851
2025-08-10 16:55:41,914 - INFO - ✉️ Email envoyé = True
2025-08-10 16:55:41,999 - INFO - 📨 Telegram envoyé = True
2025-08-10 16:55:41,999 - INFO - ✅ Envoi du rapport terminé.
2025-08-10 16:55:48,507 - INFO - 📤 Préparation de l'envoi du rapport...
2025-08-10 16:55:48,507 - INFO - 🧾 Longueur du message : 1851
2025-08-10 16:55:49,364 - INFO - ✉️ Email envoyé = True
2025-08-10 16:55:49,467 - INFO - 📨 Telegram envoyé = True
2025-08-10 16:55:49,468 - INFO - ✅ Envoi du rapport terminé.
2025-08-10 16:55:55,864 - INFO - 📤 Préparation de l'envoi du rapport...
2025-08-10 16:55:55,864 - INFO - 🧾 Longueur du message : 1851
2025-08-10 16:55:57,487 - INFO - ✉️ Email envoyé = True
2025-08-10 16:55:57,569 - INFO - 📨 Telegram envoyé = True
2025-08-10 16:55:57,570 - INFO - ✅ Envoi du rapport terminé.
2025-08-10 16:56:03,823 - INFO - 📤 Préparation de l'envoi du rapport...
2025-08-10 16:56:03,824 - INFO - 🧾 Longueur du message : 1851
2025-08-10 16:56:04,836 - INFO - ✉️ Email envoyé = True
2025-08-10 16:56:05,020 - INFO - 📨 Telegram envoyé = True
2025-08-10 16:56:05,020 - INFO - ✅ Envoi du rapport terminé.
2025-08-10 16:56:11,608 - INFO - 📤 Préparation de l'envoi du rapport...
2025-08-10 16:56:11,608 - INFO - 🧾 Longueur du message : 1851
2025-08-10 16:56:12,510 - INFO - ✉️ Email envoyé = True
2025-08-10 16:56:12,620 - INFO - 📨 Telegram envoyé = True
2025-08-10 16:56:12,620 - INFO - ✅ Envoi du rapport terminé.
2025-08-10 16:56:19,182 - INFO - 📤 Préparation de l'envoi du rapport...
2025-08-10 16:56:19,183 - INFO - 🧾 Longueur du message : 1851
2025-08-10 16:56:20,091 - INFO - ✉️ Email envoyé = True
2025-08-10 16:56:20,168 - INFO - 📨 Telegram envoyé = True
2025-08-10 16:56:20,168 - INFO - ✅ Envoi du rapport terminé.
2025-08-10 16:56:26,700 - INFO - 📤 Préparation de l'envoi du rapport...
2025-08-10 16:56:26,700 - INFO - 🧾 Longueur du message : 1851
2025-08-10 16:56:27,596 - INFO - ✉️ Email envoyé = True
2025-08-10 16:56:27,668 - INFO - 📨 Telegram envoyé = True
2025-08-10 16:56:27,668 - INFO - ✅ Envoi du rapport terminé.
2025-08-10 16:56:34,196 - INFO - 📤 Préparation de l'envoi du rapport...
2025-08-10 16:56:34,196 - INFO - 🧾 Longueur du message : 1851
2025-08-10 16:56:35,108 - INFO - ✉️ Email envoyé = True
2025-08-10 16:56:35,299 - INFO - 📨 Telegram envoyé = True
2025-08-10 16:56:35,299 - INFO - ✅ Envoi du rapport terminé.
2025-08-10 16:56:41,555 - INFO - 📤 Préparation de l'envoi du rapport...
2025-08-10 16:56:41,555 - INFO - 🧾 Longueur du message : 1851
2025-08-10 16:56:42,434 - INFO - ✉️ Email envoyé = True
2025-08-10 16:56:42,516 - INFO - 📨 Telegram envoyé = True
2025-08-10 16:56:42,516 - INFO - ✅ Envoi du rapport terminé.
2025-08-10 16:56:48,830 - INFO - 📤 Préparation de l'envoi du rapport...
2025-08-10 16:56:48,830 - INFO - 🧾 Longueur du message : 1851
2025-08-10 16:56:49,673 - INFO - ✉️ Email envoyé = True
2025-08-10 16:56:49,760 - INFO - 📨 Telegram envoyé = True
2025-08-10 16:56:49,761 - INFO - ✅ Envoi du rapport terminé.
2025-08-10 16:56:56,065 - INFO - 📤 Préparation de l'envoi du rapport...
2025-08-10 16:56:56,065 - INFO - 🧾 Longueur du message : 1851
2025-08-10 16:56:56,923 - INFO - ✉️ Email envoyé = True
2025-08-10 16:56:57,048 - INFO - 📨 Telegram envoyé = True
2025-08-10 16:56:57,048 - INFO - ✅ Envoi du rapport terminé.
2025-08-10 16:57:03,863 - INFO - 📤 Préparation de l'envoi du rapport...
2025-08-10 16:57:03,863 - INFO - 🧾 Longueur du message : 1851
2025-08-10 16:57:04,765 - INFO - ✉️ Email envoyé = True
2025-08-10 16:57:04,864 - INFO - 📨 Telegram envoyé = True
2025-08-10 16:57:04,864 - INFO - ✅ Envoi du rapport terminé.
2025-08-10 16:57:11,513 - INFO - 📤 Préparation de l'envoi du rapport...
2025-08-10 16:57:11,514 - INFO - 🧾 Longueur du message : 1851
2025-08-10 16:57:12,369 - INFO - ✉️ Email envoyé = True
2025-08-10 16:57:12,443 - INFO - 📨 Telegram envoyé = True
2025-08-10 16:57:12,443 - INFO - ✅ Envoi du rapport terminé.
2025-08-10 16:57:18,982 - INFO - 📤 Préparation de l'envoi du rapport...
2025-08-10 16:57:18,982 - INFO - 🧾 Longueur du message : 1851
2025-08-10 16:57:19,815 - INFO - ✉️ Email envoyé = True
2025-08-10 16:57:20,005 - INFO - 📨 Telegram envoyé = True
2025-08-10 16:57:20,005 - INFO - ✅ Envoi du rapport terminé.
2025-08-10 16:57:26,690 - INFO - 📤 Préparation de l'envoi du rapport...
2025-08-10 16:57:26,691 - INFO - 🧾 Longueur du message : 1851
2025-08-10 16:57:27,584 - INFO - ✉️ Email envoyé = True
2025-08-10 16:57:27,685 - INFO - 📨 Telegram envoyé = True
2025-08-10 16:57:27,686 - INFO - ✅ Envoi du rapport terminé.
2025-08-10 16:57:34,209 - INFO - 📤 Préparation de l'envoi du rapport...
2025-08-10 16:57:34,210 - INFO - 🧾 Longueur du message : 1851
2025-08-10 16:57:35,101 - INFO - ✉️ Email envoyé = True
2025-08-10 16:57:35,175 - INFO - 📨 Telegram envoyé = True
2025-08-10 16:57:35,175 - INFO - ✅ Envoi du rapport terminé.
2025-08-10 16:57:41,614 - INFO - 📤 Préparation de l'envoi du rapport...
2025-08-10 16:57:41,614 - INFO - 🧾 Longueur du message : 1851
2025-08-10 16:57:42,482 - INFO - ✉️ Email envoyé = True
2025-08-10 16:57:42,560 - INFO - 📨 Telegram envoyé = True
2025-08-10 16:57:42,560 - INFO - ✅ Envoi du rapport terminé.
2025-08-10 16:57:49,243 - INFO - 📤 Préparation de l'envoi du rapport...
2025-08-10 16:57:49,244 - INFO - 🧾 Longueur du message : 1851
2025-08-10 16:57:50,134 - INFO - ✉️ Email envoyé = True
2025-08-10 16:57:50,218 - INFO - 📨 Telegram envoyé = True
2025-08-10 16:57:50,218 - INFO - ✅ Envoi du rapport terminé.
2025-08-10 16:57:56,754 - INFO - 📤 Préparation de l'envoi du rapport...
2025-08-10 16:57:56,755 - INFO - 🧾 Longueur du message : 1851
2025-08-10 16:57:57,648 - INFO - ✉️ Email envoyé = True
2025-08-10 16:57:57,754 - INFO - 📨 Telegram envoyé = True
2025-08-10 16:57:57,755 - INFO - ✅ Envoi du rapport terminé.
2025-08-10 16:58:04,606 - INFO - 📤 Préparation de l'envoi du rapport...
2025-08-10 16:58:04,606 - INFO - 🧾 Longueur du message : 1851
2025-08-10 16:58:05,508 - INFO - ✉️ Email envoyé = True
2025-08-10 16:58:05,611 - INFO - 📨 Telegram envoyé = True
2025-08-10 16:58:05,611 - INFO - ✅ Envoi du rapport terminé.
2025-08-10 16:58:12,679 - INFO - 📤 Préparation de l'envoi du rapport...
2025-08-10 16:58:12,680 - INFO - 🧾 Longueur du message : 1851
2025-08-10 16:58:13,555 - INFO - ✉️ Email envoyé = True
2025-08-10 16:58:13,737 - INFO - 📨 Telegram envoyé = True
2025-08-10 16:58:13,737 - INFO - ✅ Envoi du rapport terminé.
2025-08-10 16:58:20,319 - INFO - 📤 Préparation de l'envoi du rapport...
2025-08-10 16:58:20,319 - INFO - 🧾 Longueur du message : 1851
2025-08-10 16:58:21,149 - INFO - ✉️ Email envoyé = True
2025-08-10 16:58:21,233 - INFO - 📨 Telegram envoyé = True
2025-08-10 16:58:21,233 - INFO - ✅ Envoi du rapport terminé.
2025-08-10 16:58:28,248 - INFO - 📤 Préparation de l'envoi du rapport...
2025-08-10 16:58:28,248 - INFO - 🧾 Longueur du message : 1851
2025-08-10 16:58:29,093 - INFO - ✉️ Email envoyé = True
2025-08-10 16:58:29,171 - INFO - 📨 Telegram envoyé = True
2025-08-10 16:58:29,171 - INFO - ✅ Envoi du rapport terminé.
2025-08-10 16:58:35,736 - INFO - 📤 Préparation de l'envoi du rapport...
2025-08-10 16:58:35,737 - INFO - 🧾 Longueur du message : 1851
2025-08-10 16:58:36,604 - INFO - ✉️ Email envoyé = True
2025-08-10 16:58:36,776 - INFO - 📨 Telegram envoyé = True
2025-08-10 16:58:36,776 - INFO - ✅ Envoi du rapport terminé.
2025-08-10 16:58:43,141 - INFO - 📤 Préparation de l'envoi du rapport...
2025-08-10 16:58:43,141 - INFO - 🧾 Longueur du message : 1851
2025-08-10 16:58:44,030 - INFO - ✉️ Email envoyé = True
2025-08-10 16:58:44,126 - INFO - 📨 Telegram envoyé = True
2025-08-10 16:58:44,126 - INFO - ✅ Envoi du rapport terminé.
2025-08-10 16:58:51,383 - INFO - 📤 Préparation de l'envoi du rapport...
2025-08-10 16:58:51,383 - INFO - 🧾 Longueur du message : 1851
2025-08-10 16:58:52,219 - INFO - ✉️ Email envoyé = True
2025-08-10 16:58:52,290 - INFO - 📨 Telegram envoyé = True
2025-08-10 16:58:52,290 - INFO - ✅ Envoi du rapport terminé.
2025-08-10 16:58:59,187 - INFO - 📤 Préparation de l'envoi du rapport...
2025-08-10 16:58:59,187 - INFO - 🧾 Longueur du message : 1851
2025-08-10 16:59:00,803 - INFO - ✉️ Email envoyé = True
2025-08-10 16:59:00,893 - INFO - 📨 Telegram envoyé = True
2025-08-10 16:59:00,893 - INFO - ✅ Envoi du rapport terminé.
2025-08-10 16:59:07,416 - INFO - 📤 Préparation de l'envoi du rapport...
2025-08-10 16:59:07,416 - INFO - 🧾 Longueur du message : 1851
2025-08-10 16:59:08,292 - INFO - ✉️ Email envoyé = True
2025-08-10 16:59:08,516 - INFO - 📨 Telegram envoyé = True
2025-08-10 16:59:08,516 - INFO - ✅ Envoi du rapport terminé.
2025-08-10 16:59:14,606 - INFO - 📤 Préparation de l'envoi du rapport...
2025-08-10 16:59:14,606 - INFO - 🧾 Longueur du message : 1851
2025-08-10 16:59:14,860 - INFO - 📤 Préparation de l'envoi du rapport...
2025-08-10 16:59:14,861 - INFO - 🧾 Longueur du message : 1851
2025-08-10 16:59:15,467 - INFO - ✉️ Email envoyé = True
2025-08-10 16:59:15,562 - INFO - 📨 Telegram envoyé = True
2025-08-10 16:59:15,562 - INFO - ✅ Envoi du rapport terminé.
2025-08-10 16:59:15,773 - INFO - ✉️ Email envoyé = True
2025-08-10 16:59:15,864 - INFO - 📨 Telegram envoyé = True
2025-08-10 16:59:15,864 - INFO - ✅ Envoi du rapport terminé.
2025-08-10 16:59:22,471 - INFO - 📤 Préparation de l'envoi du rapport...
2025-08-10 16:59:22,472 - INFO - 🧾 Longueur du message : 1851
2025-08-10 16:59:23,393 - INFO - ✉️ Email envoyé = True
2025-08-10 16:59:23,538 - INFO - 📨 Telegram envoyé = True
2025-08-10 16:59:23,538 - INFO - ✅ Envoi du rapport terminé.
2025-08-10 16:59:30,368 - INFO - 📤 Préparation de l'envoi du rapport...
2025-08-10 16:59:30,368 - INFO - 🧾 Longueur du message : 1851
2025-08-10 16:59:31,233 - INFO - ✉️ Email envoyé = True
2025-08-10 16:59:31,351 - INFO - 📨 Telegram envoyé = True
2025-08-10 16:59:31,351 - INFO - ✅ Envoi du rapport terminé.
2025-08-10 16:59:37,804 - INFO - 📤 Préparation de l'envoi du rapport...
2025-08-10 16:59:37,805 - INFO - 🧾 Longueur du message : 1851
2025-08-10 16:59:38,197 - INFO - 📤 Préparation de l'envoi du rapport...
2025-08-10 16:59:38,197 - INFO - 🧾 Longueur du message : 1851
2025-08-10 16:59:38,713 - INFO - ✉️ Email envoyé = True
2025-08-10 16:59:38,800 - INFO - 📨 Telegram envoyé = True
2025-08-10 16:59:38,801 - INFO - ✅ Envoi du rapport terminé.
2025-08-10 16:59:39,034 - INFO - ✉️ Email envoyé = True
2025-08-10 16:59:39,111 - INFO - 📨 Telegram envoyé = True
2025-08-10 16:59:39,111 - INFO - ✅ Envoi du rapport terminé.
2025-08-10 16:59:45,168 - INFO - 📤 Préparation de l'envoi du rapport...
2025-08-10 16:59:45,169 - INFO - 🧾 Longueur du message : 1851
2025-08-10 16:59:46,047 - INFO - ✉️ Email envoyé = True
2025-08-10 16:59:46,126 - INFO - 📨 Telegram envoyé = True
2025-08-10 16:59:46,126 - INFO - ✅ Envoi du rapport terminé.
2025-08-10 16:59:52,568 - INFO - 📤 Préparation de l'envoi du rapport...
2025-08-10 16:59:52,568 - INFO - 🧾 Longueur du message : 1851
2025-08-10 16:59:53,421 - INFO - ✉️ Email envoyé = True
2025-08-10 16:59:53,507 - INFO - 📨 Telegram envoyé = True
2025-08-10 16:59:53,508 - INFO - ✅ Envoi du rapport terminé.
2025-08-10 16:59:59,977 - INFO - 📤 Préparation de l'envoi du rapport...
2025-08-10 16:59:59,978 - INFO - 🧾 Longueur du message : 1851
2025-08-10 17:00:00,845 - INFO - ✉️ Email envoyé = True
2025-08-10 17:00:00,937 - INFO - 📨 Telegram envoyé = True
2025-08-10 17:00:00,938 - INFO - ✅ Envoi du rapport terminé.
2025-08-10 17:00:08,074 - INFO - 📤 Préparation de l'envoi du rapport...
2025-08-10 17:00:08,075 - INFO - 🧾 Longueur du message : 1851
2025-08-10 17:00:08,975 - INFO - ✉️ Email envoyé = True
2025-08-10 17:00:09,083 - INFO - 📨 Telegram envoyé = True
2025-08-10 17:00:09,083 - INFO - ✅ Envoi du rapport terminé.
2025-08-10 17:00:15,800 - INFO - 📤 Préparation de l'envoi du rapport...
2025-08-10 17:00:15,800 - INFO - 🧾 Longueur du message : 1851
2025-08-10 17:00:16,639 - INFO - ✉️ Email envoyé = True
2025-08-10 17:00:16,733 - INFO - 📨 Telegram envoyé = True
2025-08-10 17:00:16,733 - INFO - ✅ Envoi du rapport terminé.
2025-08-10 17:00:23,233 - INFO - 📤 Préparation de l'envoi du rapport...
2025-08-10 17:00:23,234 - INFO - 🧾 Longueur du message : 1851
2025-08-10 17:00:24,127 - INFO - ✉️ Email envoyé = True
2025-08-10 17:00:24,224 - INFO - 📨 Telegram envoyé = True
2025-08-10 17:00:24,224 - INFO - ✅ Envoi du rapport terminé.
2025-08-10 17:00:30,816 - INFO - 📤 Préparation de l'envoi du rapport...
2025-08-10 17:00:30,816 - INFO - 🧾 Longueur du message : 1851
2025-08-10 17:00:31,801 - INFO - ✉️ Email envoyé = True
2025-08-10 17:00:31,879 - INFO - 📨 Telegram envoyé = True
2025-08-10 17:00:31,879 - INFO - ✅ Envoi du rapport terminé.
2025-08-10 17:00:39,403 - INFO - 📤 Préparation de l'envoi du rapport...
2025-08-10 17:00:39,404 - INFO - 🧾 Longueur du message : 1851
2025-08-10 17:00:40,343 - INFO - ✉️ Email envoyé = True
2025-08-10 17:00:40,447 - INFO - 📨 Telegram envoyé = True
2025-08-10 17:00:40,447 - INFO - ✅ Envoi du rapport terminé.
2025-08-10 17:00:46,890 - INFO - 📤 Préparation de l'envoi du rapport...
2025-08-10 17:00:46,890 - INFO - 🧾 Longueur du message : 1851
2025-08-10 17:00:47,792 - INFO - ✉️ Email envoyé = True
2025-08-10 17:00:48,039 - INFO - 📨 Telegram envoyé = True
2025-08-10 17:00:48,040 - INFO - ✅ Envoi du rapport terminé.
2025-08-10 17:00:54,590 - INFO - 📤 Préparation de l'envoi du rapport...
2025-08-10 17:00:54,590 - INFO - 🧾 Longueur du message : 1851
2025-08-10 17:00:56,248 - INFO - ✉️ Email envoyé = True
2025-08-10 17:00:56,352 - INFO - 📨 Telegram envoyé = True
2025-08-10 17:00:56,352 - INFO - ✅ Envoi du rapport terminé.
2025-08-10 17:01:03,235 - INFO - 📤 Préparation de l'envoi du rapport...
2025-08-10 17:01:03,235 - INFO - 🧾 Longueur du message : 1851
2025-08-10 17:01:04,141 - INFO - ✉️ Email envoyé = True
2025-08-10 17:01:04,272 - INFO - 📨 Telegram envoyé = True
2025-08-10 17:01:04,272 - INFO - ✅ Envoi du rapport terminé.
2025-08-10 17:01:10,941 - INFO - 📤 Préparation de l'envoi du rapport...
2025-08-10 17:01:10,941 - INFO - 🧾 Longueur du message : 1851
2025-08-10 17:01:11,858 - INFO - ✉️ Email envoyé = True
2025-08-10 17:01:11,977 - INFO - 📨 Telegram envoyé = True
2025-08-10 17:01:11,977 - INFO - ✅ Envoi du rapport terminé.
2025-08-10 17:01:18,484 - INFO - 📤 Préparation de l'envoi du rapport...
2025-08-10 17:01:18,484 - INFO - 🧾 Longueur du message : 1851
2025-08-10 17:01:19,387 - INFO - ✉️ Email envoyé = True
2025-08-10 17:01:19,604 - INFO - 📨 Telegram envoyé = True
2025-08-10 17:01:19,605 - INFO - ✅ Envoi du rapport terminé.
2025-08-10 17:01:26,150 - INFO - 📤 Préparation de l'envoi du rapport...
2025-08-10 17:01:26,151 - INFO - 🧾 Longueur du message : 1851
2025-08-10 17:01:27,101 - INFO - ✉️ Email envoyé = True
2025-08-10 17:01:27,180 - INFO - 📨 Telegram envoyé = True
2025-08-10 17:01:27,180 - INFO - ✅ Envoi du rapport terminé.
2025-08-10 17:01:33,733 - INFO - 📤 Préparation de l'envoi du rapport...
2025-08-10 17:01:33,733 - INFO - 🧾 Longueur du message : 1851
2025-08-10 17:01:34,664 - INFO - ✉️ Email envoyé = True
2025-08-10 17:01:34,798 - INFO - 📨 Telegram envoyé = True
2025-08-10 17:01:34,798 - INFO - ✅ Envoi du rapport terminé.
2025-08-10 17:01:41,287 - INFO - 📤 Préparation de l'envoi du rapport...
2025-08-10 17:01:41,287 - INFO - 🧾 Longueur du message : 1851
2025-08-10 17:01:42,241 - INFO - ✉️ Email envoyé = True
2025-08-10 17:01:42,376 - INFO - 📨 Telegram envoyé = True
2025-08-10 17:01:42,376 - INFO - ✅ Envoi du rapport terminé.
2025-08-10 17:01:48,978 - INFO - 📤 Préparation de l'envoi du rapport...
2025-08-10 17:01:48,979 - INFO - 🧾 Longueur du message : 1851
2025-08-10 17:01:49,852 - INFO - ✉️ Email envoyé = True
2025-08-10 17:01:49,937 - INFO - 📨 Telegram envoyé = True
2025-08-10 17:01:49,937 - INFO - ✅ Envoi du rapport terminé.
2025-08-10 17:01:56,827 - INFO - 📤 Préparation de l'envoi du rapport...
2025-08-10 17:01:56,827 - INFO - 🧾 Longueur du message : 1851
2025-08-10 17:01:57,752 - INFO - ✉️ Email envoyé = True
2025-08-10 17:01:57,832 - INFO - 📨 Telegram envoyé = True
2025-08-10 17:01:57,832 - INFO - ✅ Envoi du rapport terminé.
2025-08-10 17:02:04,492 - INFO - 📤 Préparation de l'envoi du rapport...
2025-08-10 17:02:04,493 - INFO - 🧾 Longueur du message : 1851
2025-08-10 17:02:05,352 - INFO - ✉️ Email envoyé = True
2025-08-10 17:02:05,627 - INFO - 📨 Telegram envoyé = True
2025-08-10 17:02:05,627 - INFO - ✅ Envoi du rapport terminé.
2025-08-10 17:02:12,438 - INFO - 📤 Préparation de l'envoi du rapport...
2025-08-10 17:02:12,439 - INFO - 🧾 Longueur du message : 1851
2025-08-10 17:02:13,374 - INFO - ✉️ Email envoyé = True
2025-08-10 17:02:13,466 - INFO - 📨 Telegram envoyé = True
2025-08-10 17:02:13,466 - INFO - ✅ Envoi du rapport terminé.
2025-08-10 17:02:20,576 - INFO - 📤 Préparation de l'envoi du rapport...
2025-08-10 17:02:20,576 - INFO - 🧾 Longueur du message : 1851
2025-08-10 17:02:21,483 - INFO - ✉️ Email envoyé = True
2025-08-10 17:02:21,584 - INFO - 📨 Telegram envoyé = True
2025-08-10 17:02:21,584 - INFO - ✅ Envoi du rapport terminé.
2025-08-10 17:02:28,169 - INFO - 📤 Préparation de l'envoi du rapport...
2025-08-10 17:02:28,169 - INFO - 🧾 Longueur du message : 1851
2025-08-10 17:02:29,059 - INFO - ✉️ Email envoyé = True
2025-08-10 17:02:29,193 - INFO - 📨 Telegram envoyé = True
2025-08-10 17:02:29,194 - INFO - ✅ Envoi du rapport terminé.
2025-08-10 17:02:35,632 - INFO - 📤 Préparation de l'envoi du rapport...
2025-08-10 17:02:35,633 - INFO - 🧾 Longueur du message : 1851
2025-08-10 17:02:37,336 - INFO - ✉️ Email envoyé = True
2025-08-10 17:02:37,430 - INFO - 📨 Telegram envoyé = True
2025-08-10 17:02:37,430 - INFO - ✅ Envoi du rapport terminé.
2025-08-10 17:02:43,969 - INFO - 📤 Préparation de l'envoi du rapport...
2025-08-10 17:02:43,970 - INFO - 🧾 Longueur du message : 1851
2025-08-10 17:02:44,821 - INFO - ✉️ Email envoyé = True
2025-08-10 17:02:44,961 - INFO - 📨 Telegram envoyé = True
2025-08-10 17:02:44,961 - INFO - ✅ Envoi du rapport terminé.
2025-08-10 17:02:51,823 - INFO - 📤 Préparation de l'envoi du rapport...
2025-08-10 17:02:51,823 - INFO - 🧾 Longueur du message : 1851
2025-08-10 17:02:52,691 - INFO - ✉️ Email envoyé = True
2025-08-10 17:02:52,776 - INFO - 📨 Telegram envoyé = True
2025-08-10 17:02:52,777 - INFO - ✅ Envoi du rapport terminé.
2025-08-10 17:02:59,442 - INFO - 📤 Préparation de l'envoi du rapport...
2025-08-10 17:02:59,442 - INFO - 🧾 Longueur du message : 1851
2025-08-10 17:03:00,324 - INFO - ✉️ Email envoyé = True
2025-08-10 17:03:00,418 - INFO - 📨 Telegram envoyé = True
2025-08-10 17:03:00,418 - INFO - ✅ Envoi du rapport terminé.
2025-08-10 17:03:06,823 - INFO - 📤 Préparation de l'envoi du rapport...
2025-08-10 17:03:06,823 - INFO - 🧾 Longueur du message : 1851
2025-08-10 17:03:07,682 - INFO - ✉️ Email envoyé = True
2025-08-10 17:03:07,753 - INFO - 📨 Telegram envoyé = True
2025-08-10 17:03:07,753 - INFO - ✅ Envoi du rapport terminé.
2025-08-10 17:03:14,553 - INFO - 📤 Préparation de l'envoi du rapport...
2025-08-10 17:03:14,554 - INFO - 🧾 Longueur du message : 1851
2025-08-10 17:03:15,442 - INFO - ✉️ Email envoyé = True
2025-08-10 17:03:15,516 - INFO - 📨 Telegram envoyé = True
2025-08-10 17:03:15,516 - INFO - ✅ Envoi du rapport terminé.
2025-08-10 17:03:21,891 - INFO - 📤 Préparation de l'envoi du rapport...
2025-08-10 17:03:21,891 - INFO - 🧾 Longueur du message : 1851
2025-08-10 17:03:22,810 - INFO - ✉️ Email envoyé = True
2025-08-10 17:03:22,883 - INFO - 📨 Telegram envoyé = True
2025-08-10 17:03:22,883 - INFO - ✅ Envoi du rapport terminé.
2025-08-10 17:03:29,622 - INFO - 📤 Préparation de l'envoi du rapport...
2025-08-10 17:03:29,622 - INFO - 🧾 Longueur du message : 1851
2025-08-10 17:03:30,549 - INFO - ✉️ Email envoyé = True
2025-08-10 17:03:30,630 - INFO - 📨 Telegram envoyé = True
2025-08-10 17:03:30,630 - INFO - ✅ Envoi du rapport terminé.
2025-08-10 17:03:37,299 - INFO - 📤 Préparation de l'envoi du rapport...
2025-08-10 17:03:37,299 - INFO - 🧾 Longueur du message : 1851
2025-08-10 17:03:38,219 - INFO - ✉️ Email envoyé = True
2025-08-10 17:03:38,304 - INFO - 📨 Telegram envoyé = True
2025-08-10 17:03:38,304 - INFO - ✅ Envoi du rapport terminé.
2025-08-10 17:03:45,086 - INFO - 📤 Préparation de l'envoi du rapport...
2025-08-10 17:03:45,087 - INFO - 🧾 Longueur du message : 1851
2025-08-10 17:03:46,725 - INFO - ✉️ Email envoyé = True
2025-08-10 17:03:46,819 - INFO - 📨 Telegram envoyé = True
2025-08-10 17:03:46,819 - INFO - ✅ Envoi du rapport terminé.
2025-08-10 17:03:53,172 - INFO - 📤 Préparation de l'envoi du rapport...
2025-08-10 17:03:53,172 - INFO - 🧾 Longueur du message : 1851
2025-08-10 17:03:54,041 - INFO - ✉️ Email envoyé = True
2025-08-10 17:03:54,137 - INFO - 📨 Telegram envoyé = True
2025-08-10 17:03:54,137 - INFO - ✅ Envoi du rapport terminé.
2025-08-10 17:04:00,756 - INFO - 📤 Préparation de l'envoi du rapport...
2025-08-10 17:04:00,756 - INFO - 🧾 Longueur du message : 1851
2025-08-10 17:04:01,664 - INFO - ✉️ Email envoyé = True
2025-08-10 17:04:01,736 - INFO - 📨 Telegram envoyé = True
2025-08-10 17:04:01,736 - INFO - ✅ Envoi du rapport terminé.
2025-08-10 17:04:08,313 - INFO - 📤 Préparation de l'envoi du rapport...
2025-08-10 17:04:08,313 - INFO - 🧾 Longueur du message : 1851
2025-08-10 17:04:09,198 - INFO - ✉️ Email envoyé = True
2025-08-10 17:04:09,293 - INFO - 📨 Telegram envoyé = True
2025-08-10 17:04:09,294 - INFO - ✅ Envoi du rapport terminé.
2025-08-10 17:04:15,565 - INFO - 📤 Préparation de l'envoi du rapport...
2025-08-10 17:04:15,566 - INFO - 🧾 Longueur du message : 1851
2025-08-10 17:04:16,466 - INFO - ✉️ Email envoyé = True
2025-08-10 17:04:16,599 - INFO - 📨 Telegram envoyé = True
2025-08-10 17:04:16,600 - INFO - ✅ Envoi du rapport terminé.
2025-08-10 17:04:22,879 - INFO - 📤 Préparation de l'envoi du rapport...
2025-08-10 17:04:22,879 - INFO - 🧾 Longueur du message : 1851
2025-08-10 17:04:23,780 - INFO - ✉️ Email envoyé = True
2025-08-10 17:04:23,852 - INFO - 📨 Telegram envoyé = True
2025-08-10 17:04:23,852 - INFO - ✅ Envoi du rapport terminé.
2025-08-10 17:04:30,430 - INFO - 📤 Préparation de l'envoi du rapport...
2025-08-10 17:04:30,431 - INFO - 🧾 Longueur du message : 1851
2025-08-10 17:04:31,355 - INFO - ✉️ Email envoyé = True
2025-08-10 17:04:31,435 - INFO - 📨 Telegram envoyé = True
2025-08-10 17:04:31,435 - INFO - ✅ Envoi du rapport terminé.
2025-08-10 17:04:37,883 - INFO - 📤 Préparation de l'envoi du rapport...
2025-08-10 17:04:37,883 - INFO - 🧾 Longueur du message : 1851
2025-08-10 17:04:38,746 - INFO - ✉️ Email envoyé = True
2025-08-10 17:04:38,832 - INFO - 📨 Telegram envoyé = True
2025-08-10 17:04:38,832 - INFO - ✅ Envoi du rapport terminé.
2025-08-10 17:04:45,170 - INFO - 📤 Préparation de l'envoi du rapport...
2025-08-10 17:04:45,170 - INFO - 🧾 Longueur du message : 1851
2025-08-10 17:04:46,073 - INFO - ✉️ Email envoyé = True
2025-08-10 17:04:46,223 - INFO - 📨 Telegram envoyé = True
2025-08-10 17:04:46,223 - INFO - ✅ Envoi du rapport terminé.
2025-08-10 17:04:52,556 - INFO - 📤 Préparation de l'envoi du rapport...
2025-08-10 17:04:52,557 - INFO - 🧾 Longueur du message : 1851
2025-08-10 17:04:53,433 - INFO - ✉️ Email envoyé = True
2025-08-10 17:04:53,567 - INFO - 📨 Telegram envoyé = True
2025-08-10 17:04:53,567 - INFO - ✅ Envoi du rapport terminé.
2025-08-10 17:04:59,893 - INFO - 📤 Préparation de l'envoi du rapport...
2025-08-10 17:04:59,893 - INFO - 🧾 Longueur du message : 1851
2025-08-10 17:05:00,747 - INFO - ✉️ Email envoyé = True
2025-08-10 17:05:00,829 - INFO - 📨 Telegram envoyé = True
2025-08-10 17:05:00,829 - INFO - ✅ Envoi du rapport terminé.
2025-08-10 17:05:07,292 - INFO - 📤 Préparation de l'envoi du rapport...
2025-08-10 17:05:07,293 - INFO - 🧾 Longueur du message : 1851
2025-08-10 17:05:08,194 - INFO - ✉️ Email envoyé = True
2025-08-10 17:05:08,270 - INFO - 📨 Telegram envoyé = True
2025-08-10 17:05:08,270 - INFO - ✅ Envoi du rapport terminé.
2025-08-10 17:05:14,953 - INFO - 📤 Préparation de l'envoi du rapport...
2025-08-10 17:05:14,953 - INFO - 🧾 Longueur du message : 1851
2025-08-10 17:05:15,853 - INFO - ✉️ Email envoyé = True
2025-08-10 17:05:16,010 - INFO - 📨 Telegram envoyé = True
2025-08-10 17:05:16,010 - INFO - ✅ Envoi du rapport terminé.
2025-08-10 17:05:22,550 - INFO - 📤 Préparation de l'envoi du rapport...
2025-08-10 17:05:22,550 - INFO - 🧾 Longueur du message : 1851
2025-08-10 17:05:23,452 - INFO - ✉️ Email envoyé = True
2025-08-10 17:05:23,527 - INFO - 📨 Telegram envoyé = True
2025-08-10 17:05:23,527 - INFO - ✅ Envoi du rapport terminé.
2025-08-10 17:05:30,117 - INFO - 📤 Préparation de l'envoi du rapport...
2025-08-10 17:05:30,118 - INFO - 🧾 Longueur du message : 1851
2025-08-10 17:05:31,001 - INFO - ✉️ Email envoyé = True
2025-08-10 17:05:31,122 - INFO - 📨 Telegram envoyé = True
2025-08-10 17:05:31,122 - INFO - ✅ Envoi du rapport terminé.
2025-08-10 17:05:37,532 - INFO - 📤 Préparation de l'envoi du rapport...
2025-08-10 17:05:37,532 - INFO - 🧾 Longueur du message : 1851
2025-08-10 17:05:38,413 - INFO - ✉️ Email envoyé = True
2025-08-10 17:05:38,513 - INFO - 📨 Telegram envoyé = True
2025-08-10 17:05:38,513 - INFO - ✅ Envoi du rapport terminé.
2025-08-10 17:05:45,008 - INFO - 📤 Préparation de l'envoi du rapport...
2025-08-10 17:05:45,009 - INFO - 🧾 Longueur du message : 1851
2025-08-10 17:05:45,938 - INFO - ✉️ Email envoyé = True
2025-08-10 17:05:46,057 - INFO - 📨 Telegram envoyé = True
2025-08-10 17:05:46,058 - INFO - ✅ Envoi du rapport terminé.
2025-08-10 17:05:52,363 - INFO - 📤 Préparation de l'envoi du rapport...
2025-08-10 17:05:52,364 - INFO - 🧾 Longueur du message : 1851
2025-08-10 17:05:53,237 - INFO - ✉️ Email envoyé = True
2025-08-10 17:05:53,344 - INFO - 📨 Telegram envoyé = True
2025-08-10 17:05:53,344 - INFO - ✅ Envoi du rapport terminé.
2025-08-10 17:06:00,126 - INFO - 📤 Préparation de l'envoi du rapport...
2025-08-10 17:06:00,126 - INFO - 🧾 Longueur du message : 1851
2025-08-10 17:06:01,030 - INFO - ✉️ Email envoyé = True
2025-08-10 17:06:01,104 - INFO - 📨 Telegram envoyé = True
2025-08-10 17:06:01,104 - INFO - ✅ Envoi du rapport terminé.
2025-08-10 17:06:08,087 - INFO - 📤 Préparation de l'envoi du rapport...
2025-08-10 17:06:08,087 - INFO - 🧾 Longueur du message : 1851
2025-08-10 17:06:09,021 - INFO - ✉️ Email envoyé = True
2025-08-10 17:06:09,121 - INFO - 📨 Telegram envoyé = True
2025-08-10 17:06:09,121 - INFO - ✅ Envoi du rapport terminé.
2025-08-10 17:06:15,752 - INFO - 📤 Préparation de l'envoi du rapport...
2025-08-10 17:06:15,752 - INFO - 🧾 Longueur du message : 1851
2025-08-10 17:06:16,601 - INFO - ✉️ Email envoyé = True
2025-08-10 17:06:16,716 - INFO - 📨 Telegram envoyé = True
2025-08-10 17:06:16,716 - INFO - ✅ Envoi du rapport terminé.
2025-08-10 17:06:23,144 - INFO - 📤 Préparation de l'envoi du rapport...
2025-08-10 17:06:23,144 - INFO - 🧾 Longueur du message : 1851
2025-08-10 17:06:24,037 - INFO - ✉️ Email envoyé = True
2025-08-10 17:06:24,133 - INFO - 📨 Telegram envoyé = True
2025-08-10 17:06:24,134 - INFO - ✅ Envoi du rapport terminé.
2025-08-10 17:06:30,917 - INFO - 📤 Préparation de l'envoi du rapport...
2025-08-10 17:06:30,918 - INFO - 🧾 Longueur du message : 1851
2025-08-10 17:06:31,806 - INFO - ✉️ Email envoyé = True
2025-08-10 17:06:31,930 - INFO - 📨 Telegram envoyé = True
2025-08-10 17:06:31,931 - INFO - ✅ Envoi du rapport terminé.
2025-08-10 17:06:38,353 - INFO - 📤 Préparation de l'envoi du rapport...
2025-08-10 17:06:38,354 - INFO - 🧾 Longueur du message : 1851
2025-08-10 17:06:39,191 - INFO - ✉️ Email envoyé = True
2025-08-10 17:06:39,275 - INFO - 📨 Telegram envoyé = True
2025-08-10 17:06:39,275 - INFO - ✅ Envoi du rapport terminé.
2025-08-10 17:06:45,728 - INFO - 📤 Préparation de l'envoi du rapport...
2025-08-10 17:06:45,728 - INFO - 🧾 Longueur du message : 1851
2025-08-10 17:06:46,556 - INFO - ✉️ Email envoyé = True
2025-08-10 17:06:46,638 - INFO - 📨 Telegram envoyé = True
2025-08-10 17:06:46,639 - INFO - ✅ Envoi du rapport terminé.
2025-08-10 17:06:53,826 - INFO - 📤 Préparation de l'envoi du rapport...
2025-08-10 17:06:53,826 - INFO - 🧾 Longueur du message : 1851
2025-08-10 17:06:54,736 - INFO - ✉️ Email envoyé = True
2025-08-10 17:06:54,844 - INFO - 📨 Telegram envoyé = True
2025-08-10 17:06:54,844 - INFO - ✅ Envoi du rapport terminé.
2025-08-10 17:07:01,420 - INFO - 📤 Préparation de l'envoi du rapport...
2025-08-10 17:07:01,420 - INFO - 🧾 Longueur du message : 1851
2025-08-10 17:07:02,277 - INFO - ✉️ Email envoyé = True
2025-08-10 17:07:02,359 - INFO - 📨 Telegram envoyé = True
2025-08-10 17:07:02,359 - INFO - ✅ Envoi du rapport terminé.
2025-08-10 17:07:08,844 - INFO - 📤 Préparation de l'envoi du rapport...
2025-08-10 17:07:08,844 - INFO - 🧾 Longueur du message : 1851
2025-08-10 17:07:10,447 - INFO - ✉️ Email envoyé = True
2025-08-10 17:07:10,536 - INFO - 📨 Telegram envoyé = True
2025-08-10 17:07:10,537 - INFO - ✅ Envoi du rapport terminé.
2025-08-10 17:07:17,018 - INFO - 📤 Préparation de l'envoi du rapport...
2025-08-10 17:07:17,018 - INFO - 🧾 Longueur du message : 1851
2025-08-10 17:07:17,902 - INFO - ✉️ Email envoyé = True
2025-08-10 17:07:17,998 - INFO - 📨 Telegram envoyé = True
2025-08-10 17:07:17,999 - INFO - ✅ Envoi du rapport terminé.
2025-08-10 17:07:24,658 - INFO - 📤 Préparation de l'envoi du rapport...
2025-08-10 17:07:24,658 - INFO - 🧾 Longueur du message : 1851
2025-08-10 17:07:26,253 - INFO - ✉️ Email envoyé = True
2025-08-10 17:07:26,335 - INFO - 📨 Telegram envoyé = True
2025-08-10 17:07:26,336 - INFO - ✅ Envoi du rapport terminé.
2025-08-10 17:07:32,691 - INFO - 📤 Préparation de l'envoi du rapport...
2025-08-10 17:07:32,691 - INFO - 🧾 Longueur du message : 1851
2025-08-10 17:07:33,586 - INFO - ✉️ Email envoyé = True
2025-08-10 17:07:33,664 - INFO - 📨 Telegram envoyé = True
2025-08-10 17:07:33,665 - INFO - ✅ Envoi du rapport terminé.
2025-08-10 17:07:40,328 - INFO - 📤 Préparation de l'envoi du rapport...
2025-08-10 17:07:40,329 - INFO - 🧾 Longueur du message : 1851
2025-08-10 17:07:41,226 - INFO - ✉️ Email envoyé = True
2025-08-10 17:07:41,305 - INFO - 📨 Telegram envoyé = True
2025-08-10 17:07:41,305 - INFO - ✅ Envoi du rapport terminé.
2025-08-10 17:07:47,500 - INFO - 📤 Préparation de l'envoi du rapport...
2025-08-10 17:07:47,500 - INFO - 🧾 Longueur du message : 1851
2025-08-10 17:07:48,391 - INFO - ✉️ Email envoyé = True
2025-08-10 17:07:48,459 - INFO - 📨 Telegram envoyé = True
2025-08-10 17:07:48,459 - INFO - ✅ Envoi du rapport terminé.
2025-08-10 17:07:54,799 - INFO - 📤 Préparation de l'envoi du rapport...
2025-08-10 17:07:54,799 - INFO - 🧾 Longueur du message : 1851
2025-08-10 17:07:55,735 - INFO - ✉️ Email envoyé = True
2025-08-10 17:07:55,822 - INFO - 📨 Telegram envoyé = True
2025-08-10 17:07:55,823 - INFO - ✅ Envoi du rapport terminé.
2025-08-10 17:08:02,851 - INFO - 📤 Préparation de l'envoi du rapport...
2025-08-10 17:08:02,851 - INFO - 🧾 Longueur du message : 1851
2025-08-10 17:08:03,728 - INFO - ✉️ Email envoyé = True
2025-08-10 17:08:03,808 - INFO - 📨 Telegram envoyé = True
2025-08-10 17:08:03,808 - INFO - ✅ Envoi du rapport terminé.
2025-08-10 17:08:10,145 - INFO - 📤 Préparation de l'envoi du rapport...
2025-08-10 17:08:10,146 - INFO - 🧾 Longueur du message : 1851
2025-08-10 17:08:11,069 - INFO - ✉️ Email envoyé = True
2025-08-10 17:08:11,193 - INFO - 📨 Telegram envoyé = True
2025-08-10 17:08:11,193 - INFO - ✅ Envoi du rapport terminé.
2025-08-10 17:08:17,710 - INFO - 📤 Préparation de l'envoi du rapport...
2025-08-10 17:08:17,711 - INFO - 🧾 Longueur du message : 1851
2025-08-10 17:08:18,578 - INFO - ✉️ Email envoyé = True
2025-08-10 17:08:18,649 - INFO - 📨 Telegram envoyé = True
2025-08-10 17:08:18,650 - INFO - ✅ Envoi du rapport terminé.
2025-08-10 17:08:25,064 - INFO - 📤 Préparation de l'envoi du rapport...
2025-08-10 17:08:25,065 - INFO - 🧾 Longueur du message : 1851
2025-08-10 17:08:25,906 - INFO - ✉️ Email envoyé = True
2025-08-10 17:08:25,980 - INFO - 📨 Telegram envoyé = True
2025-08-10 17:08:25,980 - INFO - ✅ Envoi du rapport terminé.
2025-08-10 17:08:32,608 - INFO - 📤 Préparation de l'envoi du rapport...
2025-08-10 17:08:32,608 - INFO - 🧾 Longueur du message : 1851
2025-08-10 17:08:33,519 - INFO - ✉️ Email envoyé = True
2025-08-10 17:08:33,593 - INFO - 📨 Telegram envoyé = True
2025-08-10 17:08:33,594 - INFO - ✅ Envoi du rapport terminé.
2025-08-10 17:08:40,234 - INFO - 📤 Préparation de l'envoi du rapport...
2025-08-10 17:08:40,234 - INFO - 🧾 Longueur du message : 1851
2025-08-10 17:08:41,083 - INFO - ✉️ Email envoyé = True
2025-08-10 17:08:41,207 - INFO - 📨 Telegram envoyé = True
2025-08-10 17:08:41,207 - INFO - ✅ Envoi du rapport terminé.
2025-08-10 17:08:47,768 - INFO - 📤 Préparation de l'envoi du rapport...
2025-08-10 17:08:47,768 - INFO - 🧾 Longueur du message : 1851
2025-08-10 17:08:49,393 - INFO - ✉️ Email envoyé = True
2025-08-10 17:08:49,477 - INFO - 📨 Telegram envoyé = True
2025-08-10 17:08:49,477 - INFO - ✅ Envoi du rapport terminé.
2025-08-10 17:08:55,822 - INFO - 📤 Préparation de l'envoi du rapport...
2025-08-10 17:08:55,822 - INFO - 🧾 Longueur du message : 1851
2025-08-10 17:08:56,659 - INFO - ✉️ Email envoyé = True
2025-08-10 17:08:56,734 - INFO - 📨 Telegram envoyé = True
2025-08-10 17:08:56,734 - INFO - ✅ Envoi du rapport terminé.
2025-08-10 17:09:03,281 - INFO - 📤 Préparation de l'envoi du rapport...
2025-08-10 17:09:03,281 - INFO - 🧾 Longueur du message : 1851
2025-08-10 17:09:04,150 - INFO - ✉️ Email envoyé = True
2025-08-10 17:09:04,222 - INFO - 📨 Telegram envoyé = True
2025-08-10 17:09:04,222 - INFO - ✅ Envoi du rapport terminé.
2025-08-10 17:09:10,704 - INFO - 📤 Préparation de l'envoi du rapport...
2025-08-10 17:09:10,704 - INFO - 🧾 Longueur du message : 1851
2025-08-10 17:09:11,606 - INFO - ✉️ Email envoyé = True
2025-08-10 17:09:11,686 - INFO - 📨 Telegram envoyé = True
2025-08-10 17:09:11,686 - INFO - ✅ Envoi du rapport terminé.
2025-08-10 17:09:18,336 - INFO - 📤 Préparation de l'envoi du rapport...
2025-08-10 17:09:18,336 - INFO - 🧾 Longueur du message : 1851
2025-08-10 17:09:19,243 - INFO - ✉️ Email envoyé = True
2025-08-10 17:09:19,330 - INFO - 📨 Telegram envoyé = True
2025-08-10 17:09:19,330 - INFO - ✅ Envoi du rapport terminé.
2025-08-10 17:09:26,173 - INFO - 📤 Préparation de l'envoi du rapport...
2025-08-10 17:09:26,173 - INFO - 🧾 Longueur du message : 1851
2025-08-10 17:09:27,058 - INFO - ✉️ Email envoyé = True
2025-08-10 17:09:27,143 - INFO - 📨 Telegram envoyé = True
2025-08-10 17:09:27,143 - INFO - ✅ Envoi du rapport terminé.
2025-08-10 17:09:33,862 - INFO - 📤 Préparation de l'envoi du rapport...
2025-08-10 17:09:33,862 - INFO - 🧾 Longueur du message : 1851
2025-08-10 17:09:34,747 - INFO - ✉️ Email envoyé = True
2025-08-10 17:09:34,928 - INFO - 📨 Telegram envoyé = True
2025-08-10 17:09:34,928 - INFO - ✅ Envoi du rapport terminé.
2025-08-10 17:09:41,575 - INFO - 📤 Préparation de l'envoi du rapport...
2025-08-10 17:09:41,575 - INFO - 🧾 Longueur du message : 1851
2025-08-10 17:09:42,564 - INFO - ✉️ Email envoyé = True
2025-08-10 17:09:42,645 - INFO - 📨 Telegram envoyé = True
2025-08-10 17:09:42,645 - INFO - ✅ Envoi du rapport terminé.
2025-08-10 17:09:49,193 - INFO - 📤 Préparation de l'envoi du rapport...
2025-08-10 17:09:49,193 - INFO - 🧾 Longueur du message : 1851
2025-08-10 17:09:50,086 - INFO - ✉️ Email envoyé = True
2025-08-10 17:09:50,180 - INFO - 📨 Telegram envoyé = True
2025-08-10 17:09:50,180 - INFO - ✅ Envoi du rapport terminé.
2025-08-10 17:09:56,636 - INFO - 📤 Préparation de l'envoi du rapport...
2025-08-10 17:09:56,636 - INFO - 🧾 Longueur du message : 1851
2025-08-10 17:09:57,514 - INFO - ✉️ Email envoyé = True
2025-08-10 17:09:57,611 - INFO - 📨 Telegram envoyé = True
2025-08-10 17:09:57,612 - INFO - ✅ Envoi du rapport terminé.
2025-08-10 17:10:04,641 - INFO - 📤 Préparation de l'envoi du rapport...
2025-08-10 17:10:04,641 - INFO - 🧾 Longueur du message : 1851
2025-08-10 17:10:05,519 - INFO - ✉️ Email envoyé = True
2025-08-10 17:10:05,679 - INFO - 📨 Telegram envoyé = True
2025-08-10 17:10:05,679 - INFO - ✅ Envoi du rapport terminé.
2025-08-10 17:10:12,497 - INFO - 📤 Préparation de l'envoi du rapport...
2025-08-10 17:10:12,497 - INFO - 🧾 Longueur du message : 1851
2025-08-10 17:10:13,414 - INFO - ✉️ Email envoyé = True
2025-08-10 17:10:13,538 - INFO - 📨 Telegram envoyé = True
2025-08-10 17:10:13,538 - INFO - ✅ Envoi du rapport terminé.
2025-08-10 17:10:19,940 - INFO - 📤 Préparation de l'envoi du rapport...
2025-08-10 17:10:19,940 - INFO - 🧾 Longueur du message : 1851
2025-08-10 17:10:22,263 - INFO - ✉️ Email envoyé = True
2025-08-10 17:10:22,380 - INFO - 📨 Telegram envoyé = True
2025-08-10 17:10:22,380 - INFO - ✅ Envoi du rapport terminé.
2025-08-10 17:10:29,198 - INFO - 📤 Préparation de l'envoi du rapport...
2025-08-10 17:10:29,198 - INFO - 🧾 Longueur du message : 1851
2025-08-10 17:10:30,086 - INFO - ✉️ Email envoyé = True
2025-08-10 17:10:30,162 - INFO - 📨 Telegram envoyé = True
2025-08-10 17:10:30,162 - INFO - ✅ Envoi du rapport terminé.
2025-08-10 17:10:36,786 - INFO - 📤 Préparation de l'envoi du rapport...
2025-08-10 17:10:36,786 - INFO - 🧾 Longueur du message : 1851
2025-08-10 17:10:37,650 - INFO - ✉️ Email envoyé = True
2025-08-10 17:10:37,771 - INFO - 📨 Telegram envoyé = True
2025-08-10 17:10:37,771 - INFO - ✅ Envoi du rapport terminé.
2025-08-10 17:10:45,211 - INFO - 📤 Préparation de l'envoi du rapport...
2025-08-10 17:10:45,211 - INFO - 🧾 Longueur du message : 1851
2025-08-10 17:10:46,128 - INFO - ✉️ Email envoyé = True
2025-08-10 17:10:46,196 - INFO - 📨 Telegram envoyé = True
2025-08-10 17:10:46,196 - INFO - ✅ Envoi du rapport terminé.
2025-08-10 17:10:52,457 - INFO - 📤 Préparation de l'envoi du rapport...
2025-08-10 17:10:52,458 - INFO - 🧾 Longueur du message : 1851
2025-08-10 17:10:53,385 - INFO - ✉️ Email envoyé = True
2025-08-10 17:10:53,465 - INFO - 📨 Telegram envoyé = True
2025-08-10 17:10:53,465 - INFO - ✅ Envoi du rapport terminé.
2025-08-10 17:10:59,774 - INFO - 📤 Préparation de l'envoi du rapport...
2025-08-10 17:10:59,774 - INFO - 🧾 Longueur du message : 1851
2025-08-10 17:11:00,679 - INFO - ✉️ Email envoyé = True
2025-08-10 17:11:00,748 - INFO - 📨 Telegram envoyé = True
2025-08-10 17:11:00,748 - INFO - ✅ Envoi du rapport terminé.
2025-08-10 17:11:07,571 - INFO - 📤 Préparation de l'envoi du rapport...
2025-08-10 17:11:07,572 - INFO - 🧾 Longueur du message : 1851
2025-08-10 17:11:08,431 - INFO - ✉️ Email envoyé = True
2025-08-10 17:11:08,520 - INFO - 📨 Telegram envoyé = True
2025-08-10 17:11:08,520 - INFO - ✅ Envoi du rapport terminé.
2025-08-10 17:11:14,820 - INFO - 📤 Préparation de l'envoi du rapport...
2025-08-10 17:11:14,820 - INFO - 🧾 Longueur du message : 1851
2025-08-10 17:11:15,738 - INFO - ✉️ Email envoyé = True
2025-08-10 17:11:15,966 - INFO - 📨 Telegram envoyé = True
2025-08-10 17:11:15,966 - INFO - ✅ Envoi du rapport terminé.
2025-08-10 17:11:22,574 - INFO - 📤 Préparation de l'envoi du rapport...
2025-08-10 17:11:22,575 - INFO - 🧾 Longueur du message : 1851
2025-08-10 17:11:23,437 - INFO - ✉️ Email envoyé = True
2025-08-10 17:11:23,525 - INFO - 📨 Telegram envoyé = True
2025-08-10 17:11:23,525 - INFO - ✅ Envoi du rapport terminé.
2025-08-10 17:11:30,175 - INFO - 📤 Préparation de l'envoi du rapport...
2025-08-10 17:11:30,176 - INFO - 🧾 Longueur du message : 1851
2025-08-10 17:11:31,046 - INFO - ✉️ Email envoyé = True
2025-08-10 17:11:31,126 - INFO - 📨 Telegram envoyé = True
2025-08-10 17:11:31,126 - INFO - ✅ Envoi du rapport terminé.
2025-08-10 17:11:37,660 - INFO - 📤 Préparation de l'envoi du rapport...
2025-08-10 17:11:37,660 - INFO - 🧾 Longueur du message : 1851
2025-08-10 17:11:38,543 - INFO - ✉️ Email envoyé = True
2025-08-10 17:11:38,612 - INFO - 📨 Telegram envoyé = True
2025-08-10 17:11:38,612 - INFO - ✅ Envoi du rapport terminé.
2025-08-10 17:11:45,164 - INFO - 📤 Préparation de l'envoi du rapport...
2025-08-10 17:11:45,165 - INFO - 🧾 Longueur du message : 1851
2025-08-10 17:11:46,038 - INFO - ✉️ Email envoyé = True
2025-08-10 17:11:46,133 - INFO - 📨 Telegram envoyé = True
2025-08-10 17:11:46,133 - INFO - ✅ Envoi du rapport terminé.
2025-08-10 17:11:52,735 - INFO - 📤 Préparation de l'envoi du rapport...
2025-08-10 17:11:52,735 - INFO - 🧾 Longueur du message : 1851
2025-08-10 17:11:53,618 - INFO - ✉️ Email envoyé = True
2025-08-10 17:11:53,707 - INFO - 📨 Telegram envoyé = True
2025-08-10 17:11:53,708 - INFO - ✅ Envoi du rapport terminé.
2025-08-10 17:12:00,649 - INFO - 📤 Préparation de l'envoi du rapport...
2025-08-10 17:12:00,649 - INFO - 🧾 Longueur du message : 1851
2025-08-10 17:12:01,541 - INFO - ✉️ Email envoyé = True
2025-08-10 17:12:01,657 - INFO - 📨 Telegram envoyé = True
2025-08-10 17:12:01,657 - INFO - ✅ Envoi du rapport terminé.
2025-08-10 17:12:08,049 - INFO - 📤 Préparation de l'envoi du rapport...
2025-08-10 17:12:08,049 - INFO - 🧾 Longueur du message : 1851
2025-08-10 17:12:08,906 - INFO - ✉️ Email envoyé = True
2025-08-10 17:12:08,978 - INFO - 📨 Telegram envoyé = True
2025-08-10 17:12:08,978 - INFO - ✅ Envoi du rapport terminé.
2025-08-10 17:12:15,527 - INFO - 📤 Préparation de l'envoi du rapport...
2025-08-10 17:12:15,528 - INFO - 🧾 Longueur du message : 1851
2025-08-10 17:12:16,402 - INFO - ✉️ Email envoyé = True
2025-08-10 17:12:16,486 - INFO - 📨 Telegram envoyé = True
2025-08-10 17:12:16,486 - INFO - ✅ Envoi du rapport terminé.
2025-08-10 17:12:23,115 - INFO - 📤 Préparation de l'envoi du rapport...
2025-08-10 17:12:23,115 - INFO - 🧾 Longueur du message : 1851
2025-08-10 17:12:23,956 - INFO - ✉️ Email envoyé = True
2025-08-10 17:12:24,052 - INFO - 📨 Telegram envoyé = True
2025-08-10 17:12:24,052 - INFO - ✅ Envoi du rapport terminé.
2025-08-10 17:12:30,330 - INFO - 📤 Préparation de l'envoi du rapport...
2025-08-10 17:12:30,330 - INFO - 🧾 Longueur du message : 1851
2025-08-10 17:12:31,238 - INFO - ✉️ Email envoyé = True
2025-08-10 17:12:31,321 - INFO - 📨 Telegram envoyé = True
2025-08-10 17:12:31,322 - INFO - ✅ Envoi du rapport terminé.
2025-08-10 17:12:38,231 - INFO - 📤 Préparation de l'envoi du rapport...
2025-08-10 17:12:38,231 - INFO - 🧾 Longueur du message : 1851
2025-08-10 17:12:39,094 - INFO - ✉️ Email envoyé = True
2025-08-10 17:12:39,180 - INFO - 📨 Telegram envoyé = True
2025-08-10 17:12:39,180 - INFO - ✅ Envoi du rapport terminé.
2025-08-10 17:12:45,843 - INFO - 📤 Préparation de l'envoi du rapport...
2025-08-10 17:12:45,843 - INFO - 🧾 Longueur du message : 1851
2025-08-10 17:12:46,757 - INFO - ✉️ Email envoyé = True
2025-08-10 17:12:46,834 - INFO - 📨 Telegram envoyé = True
2025-08-10 17:12:46,834 - INFO - ✅ Envoi du rapport terminé.
2025-08-10 17:12:53,143 - INFO - 📤 Préparation de l'envoi du rapport...
2025-08-10 17:12:53,143 - INFO - 🧾 Longueur du message : 1851
2025-08-10 17:12:54,020 - INFO - ✉️ Email envoyé = True
2025-08-10 17:12:54,102 - INFO - 📨 Telegram envoyé = True
2025-08-10 17:12:54,102 - INFO - ✅ Envoi du rapport terminé.
2025-08-10 17:13:00,521 - INFO - 📤 Préparation de l'envoi du rapport...
2025-08-10 17:13:00,522 - INFO - 🧾 Longueur du message : 1851
2025-08-10 17:13:01,354 - INFO - ✉️ Email envoyé = True
2025-08-10 17:13:01,446 - INFO - 📨 Telegram envoyé = True
2025-08-10 17:13:01,446 - INFO - ✅ Envoi du rapport terminé.
2025-08-10 17:13:07,727 - INFO - 📤 Préparation de l'envoi du rapport...
2025-08-10 17:13:07,727 - INFO - 🧾 Longueur du message : 1851
2025-08-10 17:13:08,633 - INFO - ✉️ Email envoyé = True
2025-08-10 17:13:08,737 - INFO - 📨 Telegram envoyé = True
2025-08-10 17:13:08,738 - INFO - ✅ Envoi du rapport terminé.
2025-08-10 17:13:15,114 - INFO - 📤 Préparation de l'envoi du rapport...
2025-08-10 17:13:15,114 - INFO - 🧾 Longueur du message : 1851
2025-08-10 17:13:15,964 - INFO - ✉️ Email envoyé = True
2025-08-10 17:13:16,094 - INFO - 📨 Telegram envoyé = True
2025-08-10 17:13:16,094 - INFO - ✅ Envoi du rapport terminé.
2025-08-10 17:13:22,337 - INFO - 📤 Préparation de l'envoi du rapport...
2025-08-10 17:13:22,337 - INFO - 🧾 Longueur du message : 1851
2025-08-10 17:13:23,230 - INFO - ✉️ Email envoyé = True
2025-08-10 17:13:23,343 - INFO - 📨 Telegram envoyé = True
2025-08-10 17:13:23,343 - INFO - ✅ Envoi du rapport terminé.
2025-08-10 17:13:29,543 - INFO - 📤 Préparation de l'envoi du rapport...
2025-08-10 17:13:29,544 - INFO - 🧾 Longueur du message : 1851
2025-08-10 17:13:30,422 - INFO - ✉️ Email envoyé = True
2025-08-10 17:13:30,519 - INFO - 📨 Telegram envoyé = True
2025-08-10 17:13:30,520 - INFO - ✅ Envoi du rapport terminé.
2025-08-10 17:13:36,787 - INFO - 📤 Préparation de l'envoi du rapport...
2025-08-10 17:13:36,787 - INFO - 🧾 Longueur du message : 1851
2025-08-10 17:13:37,632 - INFO - ✉️ Email envoyé = True
2025-08-10 17:13:37,712 - INFO - 📨 Telegram envoyé = True
2025-08-10 17:13:37,713 - INFO - ✅ Envoi du rapport terminé.
2025-08-10 17:13:44,165 - INFO - 📤 Préparation de l'envoi du rapport...
2025-08-10 17:13:44,165 - INFO - 🧾 Longueur du message : 1851
2025-08-10 17:13:45,036 - INFO - ✉️ Email envoyé = True
2025-08-10 17:13:45,115 - INFO - 📨 Telegram envoyé = True
2025-08-10 17:13:45,115 - INFO - ✅ Envoi du rapport terminé.
2025-08-10 17:13:52,002 - INFO - 📤 Préparation de l'envoi du rapport...
2025-08-10 17:13:52,002 - INFO - 🧾 Longueur du message : 1851
2025-08-10 17:13:52,883 - INFO - ✉️ Email envoyé = True
2025-08-10 17:13:52,982 - INFO - 📨 Telegram envoyé = True
2025-08-10 17:13:52,982 - INFO - ✅ Envoi du rapport terminé.
2025-08-10 17:13:59,233 - INFO - 📤 Préparation de l'envoi du rapport...
2025-08-10 17:13:59,234 - INFO - 🧾 Longueur du message : 1851
2025-08-10 17:14:00,091 - INFO - ✉️ Email envoyé = True
2025-08-10 17:14:00,190 - INFO - 📨 Telegram envoyé = True
2025-08-10 17:14:00,190 - INFO - ✅ Envoi du rapport terminé.
2025-08-10 17:14:06,995 - INFO - 📤 Préparation de l'envoi du rapport...
2025-08-10 17:14:06,995 - INFO - 🧾 Longueur du message : 1851
2025-08-10 17:14:07,890 - INFO - ✉️ Email envoyé = True
2025-08-10 17:14:08,106 - INFO - 📨 Telegram envoyé = True
2025-08-10 17:14:08,107 - INFO - ✅ Envoi du rapport terminé.
2025-08-10 17:14:14,734 - INFO - 📤 Préparation de l'envoi du rapport...
2025-08-10 17:14:14,734 - INFO - 🧾 Longueur du message : 1851
2025-08-10 17:14:15,642 - INFO - ✉️ Email envoyé = True
2025-08-10 17:14:15,710 - INFO - 📨 Telegram envoyé = True
2025-08-10 17:14:15,710 - INFO - ✅ Envoi du rapport terminé.
2025-08-10 17:14:21,998 - INFO - 📤 Préparation de l'envoi du rapport...
2025-08-10 17:14:21,999 - INFO - 🧾 Longueur du message : 1851
2025-08-10 17:14:22,858 - INFO - ✉️ Email envoyé = True
2025-08-10 17:14:22,969 - INFO - 📨 Telegram envoyé = True
2025-08-10 17:14:22,969 - INFO - ✅ Envoi du rapport terminé.
2025-08-10 17:14:29,358 - INFO - 📤 Préparation de l'envoi du rapport...
2025-08-10 17:14:29,359 - INFO - 🧾 Longueur du message : 1851
2025-08-10 17:14:30,286 - INFO - ✉️ Email envoyé = True
2025-08-10 17:14:30,380 - INFO - 📨 Telegram envoyé = True
2025-08-10 17:14:30,380 - INFO - ✅ Envoi du rapport terminé.
2025-08-10 17:14:37,388 - INFO - 📤 Préparation de l'envoi du rapport...
2025-08-10 17:14:37,389 - INFO - 🧾 Longueur du message : 1851
2025-08-10 17:14:38,262 - INFO - ✉️ Email envoyé = True
2025-08-10 17:14:38,347 - INFO - 📨 Telegram envoyé = True
2025-08-10 17:14:38,347 - INFO - ✅ Envoi du rapport terminé.
2025-08-10 17:14:44,687 - INFO - 📤 Préparation de l'envoi du rapport...
2025-08-10 17:14:44,687 - INFO - 🧾 Longueur du message : 1851
2025-08-10 17:14:45,574 - INFO - ✉️ Email envoyé = True
2025-08-10 17:14:45,654 - INFO - 📨 Telegram envoyé = True
2025-08-10 17:14:45,655 - INFO - ✅ Envoi du rapport terminé.
2025-08-10 17:14:52,555 - INFO - 📤 Préparation de l'envoi du rapport...
2025-08-10 17:14:52,556 - INFO - 🧾 Longueur du message : 1851
2025-08-10 17:14:53,387 - INFO - ✉️ Email envoyé = True
2025-08-10 17:14:53,459 - INFO - 📨 Telegram envoyé = True
2025-08-10 17:14:53,460 - INFO - ✅ Envoi du rapport terminé.
2025-08-10 17:15:00,181 - INFO - 📤 Préparation de l'envoi du rapport...
2025-08-10 17:15:00,182 - INFO - 🧾 Longueur du message : 1851
2025-08-10 17:15:01,037 - INFO - ✉️ Email envoyé = True
2025-08-10 17:15:01,124 - INFO - 📨 Telegram envoyé = True
2025-08-10 17:15:01,124 - INFO - ✅ Envoi du rapport terminé.
2025-08-10 17:15:07,921 - INFO - 📤 Préparation de l'envoi du rapport...
2025-08-10 17:15:07,922 - INFO - 🧾 Longueur du message : 1851
2025-08-10 17:15:08,763 - INFO - ✉️ Email envoyé = True
2025-08-10 17:15:08,839 - INFO - 📨 Telegram envoyé = True
2025-08-10 17:15:08,839 - INFO - ✅ Envoi du rapport terminé.
2025-08-10 17:15:15,117 - INFO - 📤 Préparation de l'envoi du rapport...
2025-08-10 17:15:15,117 - INFO - 🧾 Longueur du message : 1851
2025-08-10 17:15:16,000 - INFO - ✉️ Email envoyé = True
2025-08-10 17:15:16,078 - INFO - 📨 Telegram envoyé = True
2025-08-10 17:15:16,078 - INFO - ✅ Envoi du rapport terminé.
2025-08-10 17:15:22,672 - INFO - 📤 Préparation de l'envoi du rapport...
2025-08-10 17:15:22,672 - INFO - 🧾 Longueur du message : 1851
2025-08-10 17:15:23,505 - INFO - ✉️ Email envoyé = True
2025-08-10 17:15:23,597 - INFO - 📨 Telegram envoyé = True
2025-08-10 17:15:23,597 - INFO - ✅ Envoi du rapport terminé.
2025-08-10 17:15:29,976 - INFO - 📤 Préparation de l'envoi du rapport...
2025-08-10 17:15:29,977 - INFO - 🧾 Longueur du message : 1851
2025-08-10 17:15:30,829 - INFO - ✉️ Email envoyé = True
2025-08-10 17:15:30,932 - INFO - 📨 Telegram envoyé = True
2025-08-10 17:15:30,932 - INFO - ✅ Envoi du rapport terminé.
2025-08-10 17:15:37,577 - INFO - 📤 Préparation de l'envoi du rapport...
2025-08-10 17:15:37,578 - INFO - 🧾 Longueur du message : 1851
2025-08-10 17:15:38,523 - INFO - ✉️ Email envoyé = True
2025-08-10 17:15:38,690 - INFO - 📨 Telegram envoyé = True
2025-08-10 17:15:38,691 - INFO - ✅ Envoi du rapport terminé.
2025-08-10 17:15:45,454 - INFO - 📤 Préparation de l'envoi du rapport...
2025-08-10 17:15:45,454 - INFO - 🧾 Longueur du message : 1851
2025-08-10 17:15:46,320 - INFO - ✉️ Email envoyé = True
2025-08-10 17:15:46,417 - INFO - 📨 Telegram envoyé = True
2025-08-10 17:15:46,417 - INFO - ✅ Envoi du rapport terminé.
2025-08-10 17:15:53,134 - INFO - 📤 Préparation de l'envoi du rapport...
2025-08-10 17:15:53,134 - INFO - 🧾 Longueur du message : 1851
2025-08-10 17:15:54,014 - INFO - ✉️ Email envoyé = True
2025-08-10 17:15:54,128 - INFO - 📨 Telegram envoyé = True
2025-08-10 17:15:54,128 - INFO - ✅ Envoi du rapport terminé.
2025-08-10 17:16:00,602 - INFO - 📤 Préparation de l'envoi du rapport...
2025-08-10 17:16:00,603 - INFO - 🧾 Longueur du message : 1851
2025-08-10 17:16:02,188 - INFO - ✉️ Email envoyé = True
2025-08-10 17:16:02,282 - INFO - 📨 Telegram envoyé = True
2025-08-10 17:16:02,282 - INFO - ✅ Envoi du rapport terminé.
2025-08-10 17:16:08,554 - INFO - 📤 Préparation de l'envoi du rapport...
2025-08-10 17:16:08,554 - INFO - 🧾 Longueur du message : 1851
2025-08-10 17:16:09,404 - INFO - ✉️ Email envoyé = True
2025-08-10 17:16:09,505 - INFO - 📨 Telegram envoyé = True
2025-08-10 17:16:09,506 - INFO - ✅ Envoi du rapport terminé.
2025-08-10 17:16:15,798 - INFO - 📤 Préparation de l'envoi du rapport...
2025-08-10 17:16:15,799 - INFO - 🧾 Longueur du message : 1851
2025-08-10 17:16:16,695 - INFO - ✉️ Email envoyé = True
2025-08-10 17:16:16,777 - INFO - 📨 Telegram envoyé = True
2025-08-10 17:16:16,778 - INFO - ✅ Envoi du rapport terminé.
2025-08-10 17:16:23,242 - INFO - 📤 Préparation de l'envoi du rapport...
2025-08-10 17:16:23,243 - INFO - 🧾 Longueur du message : 1851
2025-08-10 17:16:24,120 - INFO - ✉️ Email envoyé = True
2025-08-10 17:16:24,253 - INFO - 📨 Telegram envoyé = True
2025-08-10 17:16:24,253 - INFO - ✅ Envoi du rapport terminé.
2025-08-10 17:16:30,470 - INFO - 📤 Préparation de l'envoi du rapport...
2025-08-10 17:16:30,470 - INFO - 🧾 Longueur du message : 1851
2025-08-10 17:16:31,349 - INFO - ✉️ Email envoyé = True
2025-08-10 17:16:31,429 - INFO - 📨 Telegram envoyé = True
2025-08-10 17:16:31,429 - INFO - ✅ Envoi du rapport terminé.
2025-08-10 17:16:37,761 - INFO - 📤 Préparation de l'envoi du rapport...
2025-08-10 17:16:37,761 - INFO - 🧾 Longueur du message : 1851
2025-08-10 17:16:38,699 - INFO - ✉️ Email envoyé = True
2025-08-10 17:16:38,779 - INFO - 📨 Telegram envoyé = True
2025-08-10 17:16:38,779 - INFO - ✅ Envoi du rapport terminé.
2025-08-10 17:16:45,567 - INFO - 📤 Préparation de l'envoi du rapport...
2025-08-10 17:16:45,568 - INFO - 🧾 Longueur du message : 1851
2025-08-10 17:16:46,464 - INFO - ✉️ Email envoyé = True
2025-08-10 17:16:46,568 - INFO - 📨 Telegram envoyé = True
2025-08-10 17:16:46,568 - INFO - ✅ Envoi du rapport terminé.
2025-08-10 17:16:52,822 - INFO - 📤 Préparation de l'envoi du rapport...
2025-08-10 17:16:52,823 - INFO - 🧾 Longueur du message : 1851
2025-08-10 17:16:53,673 - INFO - ✉️ Email envoyé = True
2025-08-10 17:16:53,781 - INFO - 📨 Telegram envoyé = True
2025-08-10 17:16:53,782 - INFO - ✅ Envoi du rapport terminé.
2025-08-10 17:17:00,199 - INFO - 📤 Préparation de l'envoi du rapport...
2025-08-10 17:17:00,200 - INFO - 🧾 Longueur du message : 1851
2025-08-10 17:17:01,103 - INFO - ✉️ Email envoyé = True
2025-08-10 17:17:01,231 - INFO - 📨 Telegram envoyé = True
2025-08-10 17:17:01,232 - INFO - ✅ Envoi du rapport terminé.
2025-08-10 17:17:08,005 - INFO - 📤 Préparation de l'envoi du rapport...
2025-08-10 17:17:08,005 - INFO - 🧾 Longueur du message : 1851
2025-08-10 17:17:08,847 - INFO - ✉️ Email envoyé = True
2025-08-10 17:17:08,929 - INFO - 📨 Telegram envoyé = True
2025-08-10 17:17:08,929 - INFO - ✅ Envoi du rapport terminé.
2025-08-10 17:17:15,869 - INFO - 📤 Préparation de l'envoi du rapport...
2025-08-10 17:17:15,869 - INFO - 🧾 Longueur du message : 1851
2025-08-10 17:17:16,732 - INFO - ✉️ Email envoyé = True
2025-08-10 17:17:16,829 - INFO - 📨 Telegram envoyé = True
2025-08-10 17:17:16,829 - INFO - ✅ Envoi du rapport terminé.
2025-08-10 17:17:23,053 - INFO - 📤 Préparation de l'envoi du rapport...
2025-08-10 17:17:23,053 - INFO - 🧾 Longueur du message : 1851
2025-08-10 17:17:23,912 - INFO - ✉️ Email envoyé = True
2025-08-10 17:17:23,992 - INFO - 📨 Telegram envoyé = True
2025-08-10 17:17:23,992 - INFO - ✅ Envoi du rapport terminé.
2025-08-10 17:17:30,462 - INFO - 📤 Préparation de l'envoi du rapport...
2025-08-10 17:17:30,463 - INFO - 🧾 Longueur du message : 1851
2025-08-10 17:17:31,453 - INFO - ✉️ Email envoyé = True
2025-08-10 17:17:31,523 - INFO - 📨 Telegram envoyé = True
2025-08-10 17:17:31,523 - INFO - ✅ Envoi du rapport terminé.
2025-08-10 17:17:37,738 - INFO - 📤 Préparation de l'envoi du rapport...
2025-08-10 17:17:37,738 - INFO - 🧾 Longueur du message : 1851
2025-08-10 17:17:38,578 - INFO - ✉️ Email envoyé = True
2025-08-10 17:17:38,675 - INFO - 📨 Telegram envoyé = True
2025-08-10 17:17:38,675 - INFO - ✅ Envoi du rapport terminé.
2025-08-10 17:17:45,228 - INFO - 📤 Préparation de l'envoi du rapport...
2025-08-10 17:17:45,229 - INFO - 🧾 Longueur du message : 1851
2025-08-10 17:17:46,079 - INFO - ✉️ Email envoyé = True
2025-08-10 17:17:46,276 - INFO - 📨 Telegram envoyé = True
2025-08-10 17:17:46,277 - INFO - ✅ Envoi du rapport terminé.
2025-08-10 17:17:52,767 - INFO - 📤 Préparation de l'envoi du rapport...
2025-08-10 17:17:52,768 - INFO - 🧾 Longueur du message : 1851
2025-08-10 17:17:53,674 - INFO - ✉️ Email envoyé = True
2025-08-10 17:17:53,806 - INFO - 📨 Telegram envoyé = True
2025-08-10 17:17:53,807 - INFO - ✅ Envoi du rapport terminé.
2025-08-10 17:18:00,676 - INFO - 📤 Préparation de l'envoi du rapport...
2025-08-10 17:18:00,677 - INFO - 🧾 Longueur du message : 1851
2025-08-10 17:18:01,536 - INFO - ✉️ Email envoyé = True
2025-08-10 17:18:01,617 - INFO - 📨 Telegram envoyé = True
2025-08-10 17:18:01,617 - INFO - ✅ Envoi du rapport terminé.
2025-08-10 17:18:07,917 - INFO - 📤 Préparation de l'envoi du rapport...
2025-08-10 17:18:07,917 - INFO - 🧾 Longueur du message : 1851
2025-08-10 17:18:08,792 - INFO - ✉️ Email envoyé = True
2025-08-10 17:18:08,861 - INFO - 📨 Telegram envoyé = True
2025-08-10 17:18:08,861 - INFO - ✅ Envoi du rapport terminé.
2025-08-10 17:18:15,786 - INFO - 📤 Préparation de l'envoi du rapport...
2025-08-10 17:18:15,786 - INFO - 🧾 Longueur du message : 1851
2025-08-10 17:18:16,630 - INFO - ✉️ Email envoyé = True
2025-08-10 17:18:16,710 - INFO - 📨 Telegram envoyé = True
2025-08-10 17:18:16,710 - INFO - ✅ Envoi du rapport terminé.
2025-08-10 17:18:23,254 - INFO - 📤 Préparation de l'envoi du rapport...
2025-08-10 17:18:23,254 - INFO - 🧾 Longueur du message : 1851
2025-08-10 17:18:24,121 - INFO - ✉️ Email envoyé = True
2025-08-10 17:18:24,282 - INFO - 📨 Telegram envoyé = True
2025-08-10 17:18:24,283 - INFO - ✅ Envoi du rapport terminé.
2025-08-10 17:18:31,022 - INFO - 📤 Préparation de l'envoi du rapport...
2025-08-10 17:18:31,022 - INFO - 🧾 Longueur du message : 1851
2025-08-10 17:18:31,903 - INFO - ✉️ Email envoyé = True
2025-08-10 17:18:31,998 - INFO - 📨 Telegram envoyé = True
2025-08-10 17:18:31,998 - INFO - ✅ Envoi du rapport terminé.
2025-08-10 17:18:38,413 - INFO - 📤 Préparation de l'envoi du rapport...
2025-08-10 17:18:38,414 - INFO - 🧾 Longueur du message : 1851
2025-08-10 17:18:39,229 - INFO - ✉️ Email envoyé = True
2025-08-10 17:18:39,300 - INFO - 📨 Telegram envoyé = True
2025-08-10 17:18:39,300 - INFO - ✅ Envoi du rapport terminé.
2025-08-10 17:18:45,679 - INFO - 📤 Préparation de l'envoi du rapport...
2025-08-10 17:18:45,680 - INFO - 🧾 Longueur du message : 1851
2025-08-10 17:18:46,525 - INFO - ✉️ Email envoyé = True
2025-08-10 17:18:46,630 - INFO - 📨 Telegram envoyé = True
2025-08-10 17:18:46,630 - INFO - ✅ Envoi du rapport terminé.
2025-08-10 17:18:53,171 - INFO - 📤 Préparation de l'envoi du rapport...
2025-08-10 17:18:53,171 - INFO - 🧾 Longueur du message : 1851
2025-08-10 17:18:54,037 - INFO - ✉️ Email envoyé = True
2025-08-10 17:18:54,109 - INFO - 📨 Telegram envoyé = True
2025-08-10 17:18:54,109 - INFO - ✅ Envoi du rapport terminé.
2025-08-10 17:19:00,694 - INFO - 📤 Préparation de l'envoi du rapport...
2025-08-10 17:19:00,694 - INFO - 🧾 Longueur du message : 1851
2025-08-10 17:19:01,546 - INFO - ✉️ Email envoyé = True
2025-08-10 17:19:01,646 - INFO - 📨 Telegram envoyé = True
2025-08-10 17:19:01,646 - INFO - ✅ Envoi du rapport terminé.
2025-08-10 17:19:08,395 - INFO - 📤 Préparation de l'envoi du rapport...
2025-08-10 17:19:08,396 - INFO - 🧾 Longueur du message : 1851
2025-08-10 17:19:09,250 - INFO - ✉️ Email envoyé = True
2025-08-10 17:19:09,375 - INFO - 📨 Telegram envoyé = True
2025-08-10 17:19:09,376 - INFO - ✅ Envoi du rapport terminé.
2025-08-10 17:19:16,098 - INFO - 📤 Préparation de l'envoi du rapport...
2025-08-10 17:19:16,099 - INFO - 🧾 Longueur du message : 1851
2025-08-10 17:19:16,952 - INFO - ✉️ Email envoyé = True
2025-08-10 17:19:17,048 - INFO - 📨 Telegram envoyé = True
2025-08-10 17:19:17,048 - INFO - ✅ Envoi du rapport terminé.
2025-08-10 17:19:23,369 - INFO - 📤 Préparation de l'envoi du rapport...
2025-08-10 17:19:23,370 - INFO - 🧾 Longueur du message : 1851
2025-08-10 17:19:24,223 - INFO - ✉️ Email envoyé = True
2025-08-10 17:19:24,288 - INFO - 📨 Telegram envoyé = True
2025-08-10 17:19:24,288 - INFO - ✅ Envoi du rapport terminé.
2025-08-10 17:19:30,665 - INFO - 📤 Préparation de l'envoi du rapport...
2025-08-10 17:19:30,665 - INFO - 🧾 Longueur du message : 1851
2025-08-10 17:19:31,552 - INFO - ✉️ Email envoyé = True
2025-08-10 17:19:31,617 - INFO - 📨 Telegram envoyé = True
2025-08-10 17:19:31,617 - INFO - ✅ Envoi du rapport terminé.
2025-08-10 17:19:37,976 - INFO - 📤 Préparation de l'envoi du rapport...
2025-08-10 17:19:37,976 - INFO - 🧾 Longueur du message : 1851
2025-08-10 17:19:38,868 - INFO - ✉️ Email envoyé = True
2025-08-10 17:19:38,963 - INFO - 📨 Telegram envoyé = True
2025-08-10 17:19:38,963 - INFO - ✅ Envoi du rapport terminé.
2025-08-10 17:19:45,299 - INFO - 📤 Préparation de l'envoi du rapport...
2025-08-10 17:19:45,300 - INFO - 🧾 Longueur du message : 1851
2025-08-10 17:19:46,179 - INFO - ✉️ Email envoyé = True
2025-08-10 17:19:46,257 - INFO - 📨 Telegram envoyé = True
2025-08-10 17:19:46,258 - INFO - ✅ Envoi du rapport terminé.
2025-08-10 17:19:53,246 - INFO - 📤 Préparation de l'envoi du rapport...
2025-08-10 17:19:53,246 - INFO - 🧾 Longueur du message : 1851
2025-08-10 17:19:54,136 - INFO - ✉️ Email envoyé = True
2025-08-10 17:19:54,249 - INFO - 📨 Telegram envoyé = True
2025-08-10 17:19:54,249 - INFO - ✅ Envoi du rapport terminé.
2025-08-10 17:20:00,969 - INFO - 📤 Préparation de l'envoi du rapport...
2025-08-10 17:20:00,969 - INFO - 🧾 Longueur du message : 1851
2025-08-10 17:20:01,904 - INFO - ✉️ Email envoyé = True
2025-08-10 17:20:01,986 - INFO - 📨 Telegram envoyé = True
2025-08-10 17:20:01,986 - INFO - ✅ Envoi du rapport terminé.
2025-08-10 17:20:08,345 - INFO - 📤 Préparation de l'envoi du rapport...
2025-08-10 17:20:08,346 - INFO - 🧾 Longueur du message : 1851
2025-08-10 17:20:09,189 - INFO - ✉️ Email envoyé = True
2025-08-10 17:20:09,279 - INFO - 📨 Telegram envoyé = True
2025-08-10 17:20:09,279 - INFO - ✅ Envoi du rapport terminé.
2025-08-10 17:20:15,563 - INFO - 📤 Préparation de l'envoi du rapport...
2025-08-10 17:20:15,564 - INFO - 🧾 Longueur du message : 1851
2025-08-10 17:20:16,434 - INFO - ✉️ Email envoyé = True
2025-08-10 17:20:16,510 - INFO - 📨 Telegram envoyé = True
2025-08-10 17:20:16,511 - INFO - ✅ Envoi du rapport terminé.
2025-08-10 17:20:22,672 - INFO - 📤 Préparation de l'envoi du rapport...
2025-08-10 17:20:22,673 - INFO - 🧾 Longueur du message : 1851
2025-08-10 17:20:23,553 - INFO - ✉️ Email envoyé = True
2025-08-10 17:20:23,633 - INFO - 📨 Telegram envoyé = True
2025-08-10 17:20:23,634 - INFO - ✅ Envoi du rapport terminé.
2025-08-10 17:20:30,053 - INFO - 📤 Préparation de l'envoi du rapport...
2025-08-10 17:20:30,053 - INFO - 🧾 Longueur du message : 1851
2025-08-10 17:20:30,939 - INFO - ✉️ Email envoyé = True
2025-08-10 17:20:31,039 - INFO - 📨 Telegram envoyé = True
2025-08-10 17:20:31,040 - INFO - ✅ Envoi du rapport terminé.
2025-08-10 17:20:37,611 - INFO - 📤 Préparation de l'envoi du rapport...
2025-08-10 17:20:37,612 - INFO - 🧾 Longueur du message : 1851
2025-08-10 17:20:38,449 - INFO - ✉️ Email envoyé = True
2025-08-10 17:20:38,526 - INFO - 📨 Telegram envoyé = True
2025-08-10 17:20:38,526 - INFO - ✅ Envoi du rapport terminé.
2025-08-10 17:20:45,542 - INFO - 📤 Préparation de l'envoi du rapport...
2025-08-10 17:20:45,542 - INFO - 🧾 Longueur du message : 1851
2025-08-10 17:20:46,381 - INFO - ✉️ Email envoyé = True
2025-08-10 17:20:46,482 - INFO - 📨 Telegram envoyé = True
2025-08-10 17:20:46,482 - INFO - ✅ Envoi du rapport terminé.
2025-08-10 17:20:52,834 - INFO - 📤 Préparation de l'envoi du rapport...
2025-08-10 17:20:52,835 - INFO - 🧾 Longueur du message : 1851
2025-08-10 17:20:53,730 - INFO - ✉️ Email envoyé = True
2025-08-10 17:20:53,816 - INFO - 📨 Telegram envoyé = True
2025-08-10 17:20:53,816 - INFO - ✅ Envoi du rapport terminé.
2025-08-10 17:21:00,127 - INFO - 📤 Préparation de l'envoi du rapport...
2025-08-10 17:21:00,128 - INFO - 🧾 Longueur du message : 1851
2025-08-10 17:21:00,983 - INFO - ✉️ Email envoyé = True
2025-08-10 17:21:01,056 - INFO - 📨 Telegram envoyé = True
2025-08-10 17:21:01,056 - INFO - ✅ Envoi du rapport terminé.
2025-08-10 17:21:07,340 - INFO - 📤 Préparation de l'envoi du rapport...
2025-08-10 17:21:07,341 - INFO - 🧾 Longueur du message : 1851
2025-08-10 17:21:08,223 - INFO - ✉️ Email envoyé = True
2025-08-10 17:21:08,320 - INFO - 📨 Telegram envoyé = True
2025-08-10 17:21:08,320 - INFO - ✅ Envoi du rapport terminé.
2025-08-10 17:21:14,705 - INFO - 📤 Préparation de l'envoi du rapport...
2025-08-10 17:21:14,706 - INFO - 🧾 Longueur du message : 1851
2025-08-10 17:21:15,578 - INFO - ✉️ Email envoyé = True
2025-08-10 17:21:15,659 - INFO - 📨 Telegram envoyé = True
2025-08-10 17:21:15,659 - INFO - ✅ Envoi du rapport terminé.
2025-08-10 17:21:22,160 - INFO - 📤 Préparation de l'envoi du rapport...
2025-08-10 17:21:22,160 - INFO - 🧾 Longueur du message : 1851
2025-08-10 17:21:23,025 - INFO - ✉️ Email envoyé = True
2025-08-10 17:21:23,170 - INFO - 📨 Telegram envoyé = True
2025-08-10 17:21:23,170 - INFO - ✅ Envoi du rapport terminé.
2025-08-10 17:21:29,733 - INFO - 📤 Préparation de l'envoi du rapport...
2025-08-10 17:21:29,734 - INFO - 🧾 Longueur du message : 1851
2025-08-10 17:21:30,681 - INFO - ✉️ Email envoyé = True
2025-08-10 17:21:30,942 - INFO - 📨 Telegram envoyé = True
2025-08-10 17:21:30,942 - INFO - ✅ Envoi du rapport terminé.
2025-08-10 17:21:37,417 - INFO - 📤 Préparation de l'envoi du rapport...
2025-08-10 17:21:37,417 - INFO - 🧾 Longueur du message : 1851
2025-08-10 17:21:38,284 - INFO - ✉️ Email envoyé = True
2025-08-10 17:21:38,378 - INFO - 📨 Telegram envoyé = True
2025-08-10 17:21:38,379 - INFO - ✅ Envoi du rapport terminé.
2025-08-10 17:21:44,851 - INFO - 📤 Préparation de l'envoi du rapport...
2025-08-10 17:21:44,851 - INFO - 🧾 Longueur du message : 1851
2025-08-10 17:21:46,445 - INFO - ✉️ Email envoyé = True
2025-08-10 17:21:46,519 - INFO - 📨 Telegram envoyé = True
2025-08-10 17:21:46,519 - INFO - ✅ Envoi du rapport terminé.
2025-08-10 17:21:53,239 - INFO - 📤 Préparation de l'envoi du rapport...
2025-08-10 17:21:53,239 - INFO - 🧾 Longueur du message : 1851
2025-08-10 17:21:54,102 - INFO - ✉️ Email envoyé = True
2025-08-10 17:21:54,221 - INFO - 📨 Telegram envoyé = True
2025-08-10 17:21:54,222 - INFO - ✅ Envoi du rapport terminé.
2025-08-10 17:22:00,692 - INFO - 📤 Préparation de l'envoi du rapport...
2025-08-10 17:22:00,693 - INFO - 🧾 Longueur du message : 1851
2025-08-10 17:22:01,572 - INFO - ✉️ Email envoyé = True
2025-08-10 17:22:01,779 - INFO - 📨 Telegram envoyé = True
2025-08-10 17:22:01,779 - INFO - ✅ Envoi du rapport terminé.
2025-08-10 17:22:08,160 - INFO - 📤 Préparation de l'envoi du rapport...
2025-08-10 17:22:08,161 - INFO - 🧾 Longueur du message : 1851
2025-08-10 17:22:09,039 - INFO - ✉️ Email envoyé = True
2025-08-10 17:22:09,113 - INFO - 📨 Telegram envoyé = True
2025-08-10 17:22:09,113 - INFO - ✅ Envoi du rapport terminé.
2025-08-10 17:22:15,580 - INFO - 📤 Préparation de l'envoi du rapport...
2025-08-10 17:22:15,580 - INFO - 🧾 Longueur du message : 1851
2025-08-10 17:22:16,541 - INFO - ✉️ Email envoyé = True
2025-08-10 17:22:16,674 - INFO - 📨 Telegram envoyé = True
2025-08-10 17:22:16,674 - INFO - ✅ Envoi du rapport terminé.
2025-08-10 17:22:23,418 - INFO - 📤 Préparation de l'envoi du rapport...
2025-08-10 17:22:23,418 - INFO - 🧾 Longueur du message : 1851
2025-08-10 17:22:24,336 - INFO - ✉️ Email envoyé = True
2025-08-10 17:22:24,435 - INFO - 📨 Telegram envoyé = True
2025-08-10 17:22:24,435 - INFO - ✅ Envoi du rapport terminé.
2025-08-10 17:22:30,773 - INFO - 📤 Préparation de l'envoi du rapport...
2025-08-10 17:22:30,774 - INFO - 🧾 Longueur du message : 1851
2025-08-10 17:22:31,630 - INFO - ✉️ Email envoyé = True
2025-08-10 17:22:31,714 - INFO - 📨 Telegram envoyé = True
2025-08-10 17:22:31,714 - INFO - ✅ Envoi du rapport terminé.
2025-08-10 17:22:38,307 - INFO - 📤 Préparation de l'envoi du rapport...
2025-08-10 17:22:38,307 - INFO - 🧾 Longueur du message : 1851
2025-08-10 17:22:39,165 - INFO - ✉️ Email envoyé = True
2025-08-10 17:22:39,366 - INFO - 📨 Telegram envoyé = True
2025-08-10 17:22:39,366 - INFO - ✅ Envoi du rapport terminé.
2025-08-10 17:22:46,498 - INFO - 📤 Préparation de l'envoi du rapport...
2025-08-10 17:22:46,498 - INFO - 🧾 Longueur du message : 1851
2025-08-10 17:22:47,355 - INFO - ✉️ Email envoyé = True
2025-08-10 17:22:47,437 - INFO - 📨 Telegram envoyé = True
2025-08-10 17:22:47,438 - INFO - ✅ Envoi du rapport terminé.
2025-08-10 17:22:53,927 - INFO - 📤 Préparation de l'envoi du rapport...
2025-08-10 17:22:53,928 - INFO - 🧾 Longueur du message : 1851
2025-08-10 17:22:54,777 - INFO - ✉️ Email envoyé = True
2025-08-10 17:22:54,867 - INFO - 📨 Telegram envoyé = True
2025-08-10 17:22:54,867 - INFO - ✅ Envoi du rapport terminé.
2025-08-10 17:23:01,674 - INFO - 📤 Préparation de l'envoi du rapport...
2025-08-10 17:23:01,675 - INFO - 🧾 Longueur du message : 1851
2025-08-10 17:23:02,574 - INFO - ✉️ Email envoyé = True
2025-08-10 17:23:02,643 - INFO - 📨 Telegram envoyé = True
2025-08-10 17:23:02,643 - INFO - ✅ Envoi du rapport terminé.
2025-08-10 17:23:09,181 - INFO - 📤 Préparation de l'envoi du rapport...
2025-08-10 17:23:09,181 - INFO - 🧾 Longueur du message : 1851
2025-08-10 17:23:10,040 - INFO - ✉️ Email envoyé = True
2025-08-10 17:23:10,166 - INFO - 📨 Telegram envoyé = True
2025-08-10 17:23:10,167 - INFO - ✅ Envoi du rapport terminé.
2025-08-10 17:23:16,712 - INFO - 📤 Préparation de l'envoi du rapport...
2025-08-10 17:23:16,713 - INFO - 🧾 Longueur du message : 1851
2025-08-10 17:23:17,579 - INFO - ✉️ Email envoyé = True
2025-08-10 17:23:17,691 - INFO - 📨 Telegram envoyé = True
2025-08-10 17:23:17,691 - INFO - ✅ Envoi du rapport terminé.
2025-08-10 17:23:24,144 - INFO - 📤 Préparation de l'envoi du rapport...
2025-08-10 17:23:24,145 - INFO - 🧾 Longueur du message : 1851
2025-08-10 17:23:25,154 - INFO - ✉️ Email envoyé = True
2025-08-10 17:23:25,227 - INFO - 📨 Telegram envoyé = True
2025-08-10 17:23:25,227 - INFO - ✅ Envoi du rapport terminé.
2025-08-10 17:23:31,785 - INFO - 📤 Préparation de l'envoi du rapport...
2025-08-10 17:23:31,785 - INFO - 🧾 Longueur du message : 1851
2025-08-10 17:23:32,715 - INFO - ✉️ Email envoyé = True
2025-08-10 17:23:32,793 - INFO - 📨 Telegram envoyé = True
2025-08-10 17:23:32,793 - INFO - ✅ Envoi du rapport terminé.
2025-08-10 17:23:39,699 - INFO - 📤 Préparation de l'envoi du rapport...
2025-08-10 17:23:39,699 - INFO - 🧾 Longueur du message : 1851
2025-08-10 17:23:40,559 - INFO - ✉️ Email envoyé = True
2025-08-10 17:23:40,662 - INFO - 📨 Telegram envoyé = True
2025-08-10 17:23:40,662 - INFO - ✅ Envoi du rapport terminé.
2025-08-10 17:23:47,142 - INFO - 📤 Préparation de l'envoi du rapport...
2025-08-10 17:23:47,142 - INFO - 🧾 Longueur du message : 1851
2025-08-10 17:23:47,975 - INFO - ✉️ Email envoyé = True
2025-08-10 17:23:48,112 - INFO - 📨 Telegram envoyé = True
2025-08-10 17:23:48,112 - INFO - ✅ Envoi du rapport terminé.
2025-08-10 17:23:54,848 - INFO - 📤 Préparation de l'envoi du rapport...
2025-08-10 17:23:54,848 - INFO - 🧾 Longueur du message : 1851
2025-08-10 17:23:55,735 - INFO - ✉️ Email envoyé = True
2025-08-10 17:23:55,814 - INFO - 📨 Telegram envoyé = True
2025-08-10 17:23:55,815 - INFO - ✅ Envoi du rapport terminé.
2025-08-10 17:24:02,360 - INFO - 📤 Préparation de l'envoi du rapport...
2025-08-10 17:24:02,361 - INFO - 🧾 Longueur du message : 1851
2025-08-10 17:24:03,248 - INFO - ✉️ Email envoyé = True
2025-08-10 17:24:03,359 - INFO - 📨 Telegram envoyé = True
2025-08-10 17:24:03,359 - INFO - ✅ Envoi du rapport terminé.
2025-08-10 17:24:09,738 - INFO - 📤 Préparation de l'envoi du rapport...
2025-08-10 17:24:09,738 - INFO - 🧾 Longueur du message : 1851
2025-08-10 17:24:10,591 - INFO - ✉️ Email envoyé = True
2025-08-10 17:24:10,669 - INFO - 📨 Telegram envoyé = True
2025-08-10 17:24:10,670 - INFO - ✅ Envoi du rapport terminé.
